Date,Open,High,Low,Close,Adj Close,Volume
08-06-2015,453.399994,455.0,441.549988,442.725006,425.550629,4958862.0
09-06-2015,441.774994,445.325012,438.674988,441.850006,424.709564,4184606.0
10-06-2015,443.0,454.950012,442.5,452.899994,435.330933,6176034.0
11-06-2015,453.0,454.75,436.825012,438.575012,421.561676,6709574.0
12-06-2015,439.5,446.350006,439.125,444.924988,427.665283,9849112.0
15-06-2015,447.450012,452.5,445.0,450.875,433.38446,5878506.0
16-06-2015,449.5,452.5,446.600006,451.975006,434.441772,6368010.0
17-06-2015,452.524994,471.174988,447.0,465.600006,447.538269,11992678.0
18-06-2015,466.274994,491.0,466.25,489.475006,470.487091,22568840.0
19-06-2015,491.25,503.200012,491.25,498.325012,478.993805,20897502.0
22-06-2015,498.475006,504.350006,493.25,495.850006,476.614777,8866370.0
23-06-2015,496.325012,501.350006,495.5,497.5,478.200775,7318090.0
24-06-2015,497.5,503.225006,493.325012,495.450012,476.230316,8504668.0
25-06-2015,493.5,504.5,492.5,502.274994,482.790558,12423550.0
26-06-2015,499.950012,507.049988,497.700012,500.350006,480.940247,9585314.0
29-06-2015,493.950012,496.924988,486.0,495.424988,476.206268,9220564.0
30-06-2015,494.950012,501.424988,494.0,500.049988,480.651886,10599340.0
01-07-2015,500.5,505.225006,500.5,502.825012,483.319214,6777156.0
02-07-2015,504.5,509.875,503.549988,505.424988,485.818359,7283210.0
03-07-2015,504.875,506.899994,501.524994,503.600006,484.064148,6323112.0
06-07-2015,498.049988,509.450012,497.600006,507.774994,488.077179,5594680.0
07-07-2015,505.5,508.299988,500.0,501.625,482.165771,5163694.0
08-07-2015,497.924988,504.350006,495.825012,498.299988,478.969727,6944656.0
09-07-2015,498.0,500.5,491.575012,493.700012,474.548187,7427064.0
10-07-2015,495.549988,502.0,495.125,500.899994,481.468903,7365212.0
13-07-2015,500.899994,506.25,497.575012,503.5,483.968018,4507774.0
14-07-2015,504.450012,505.75,497.600006,498.899994,479.546478,4545572.0
15-07-2015,499.875,507.200012,499.774994,505.575012,485.962524,6186792.0
16-07-2015,506.0,513.900024,505.575012,511.850006,491.99411,6790884.0
17-07-2015,512.625,515.575012,509.0,510.850006,491.032898,4660876.0
20-07-2015,513.900024,514.974976,508.950012,512.375,492.498718,2902254.0
21-07-2015,514.0,514.224976,501.375,503.899994,484.352509,3622284.0
22-07-2015,502.5,526.974976,502.299988,525.200012,504.826263,7913294.0
23-07-2015,526.75,533.924988,520.599976,522.650024,502.375183,8522914.0
24-07-2015,524.0,524.825012,510.549988,512.525024,492.642944,5988726.0
27-07-2015,512.450012,514.950012,500.875,502.674988,483.175018,9197526.0
28-07-2015,504.149994,508.350006,500.049988,505.125,485.529999,6118202.0
29-07-2015,504.75,506.350006,496.049988,498.0,478.681366,6761866.0
30-07-2015,500.049988,504.0,496.149994,500.075012,480.675903,5349408.0
31-07-2015,500.0,503.950012,495.0,500.924988,481.49292,7604624.0
03-08-2015,500.5,506.924988,499.700012,501.225006,481.781281,4520364.0
04-08-2015,501.700012,502.825012,490.0,494.0,474.836548,5489138.0
05-08-2015,494.125,500.399994,492.049988,493.875,474.716431,6558056.0
06-08-2015,495.5,496.0,488.75,489.475006,470.487091,3981022.0
07-08-2015,489.5,497.0,488.575012,492.174988,473.082367,3935694.0
10-08-2015,492.25,494.399994,482.25,484.450012,465.657043,4246570.0
11-08-2015,485.5,486.825012,479.0,483.0,464.263275,4005904.0
12-08-2015,481.799988,483.0,470.274994,471.450012,453.161346,4411804.0
13-08-2015,473.5,476.975006,464.700012,466.674988,448.571533,4270094.0
14-08-2015,470.125,486.0,467.149994,483.475006,464.719879,5824010.0
17-08-2015,483.0,483.0,473.024994,475.350006,456.910065,4963652.0
18-08-2015,478.0,478.0,471.100006,472.049988,453.738037,3031166.0
19-08-2015,472.0,480.5,469.725006,477.299988,458.784393,4058402.0
20-08-2015,479.975006,479.975006,456.875,458.149994,440.377228,8689858.0
21-08-2015,455.0,455.950012,448.5,453.975006,436.364227,9166424.0
24-08-2015,440.0,440.0,409.0,414.774994,398.684906,16291446.0
25-08-2015,420.424988,430.325012,411.600006,424.075012,407.624115,22631686.0
26-08-2015,423.899994,437.399994,420.0,426.700012,410.147278,8665824.0
27-08-2015,433.399994,440.625,428.524994,434.575012,417.716797,12342370.0
28-08-2015,437.5,441.5,433.049988,436.200012,419.278748,4923780.0
31-08-2015,436.424988,436.424988,426.899994,427.950012,411.348785,9467432.0
01-09-2015,426.950012,426.950012,417.549988,419.924988,403.635101,9895684.0
02-09-2015,425.0,428.549988,421.299988,424.774994,408.296967,8984402.0
03-09-2015,427.024994,430.375,422.200012,426.924988,410.363556,5330550.0
04-09-2015,424.850006,424.850006,412.549988,417.950012,401.736725,7406072.0
07-09-2015,419.125,422.0,413.850006,416.600006,400.439087,4678930.0
08-09-2015,418.0,426.475006,412.549988,424.299988,407.840393,5897660.0
09-09-2015,430.5,439.350006,425.25,437.024994,420.071747,7927582.0
10-09-2015,430.5,435.25,427.75,433.5,416.683502,5062846.0
11-09-2015,436.0,438.049988,428.100006,430.475006,413.775848,4861888.0
14-09-2015,430.875,432.850006,425.950012,431.924988,415.169586,3640906.0
15-09-2015,431.0,435.0,427.799988,433.5,416.683502,5261888.0
16-09-2015,436.049988,438.674988,432.600006,436.274994,419.35083,6137372.0
18-09-2015,439.225006,449.75,438.575012,447.700012,430.332672,15663184.0
21-09-2015,440.0,444.100006,438.024994,439.049988,422.018188,5820728.0
22-09-2015,440.0,442.450012,422.25,423.950012,407.503998,7198324.0
23-09-2015,421.5,428.399994,420.0,425.174988,408.681427,6958648.0
24-09-2015,424.0,424.0,417.375,418.674988,402.433563,13293018.0
28-09-2015,419.899994,420.450012,414.350006,417.125,400.943695,5314394.0
29-09-2015,415.0,425.125,413.049988,420.375,404.067657,7247674.0
30-09-2015,425.5,432.399994,419.25,431.149994,414.424622,7905330.0
01-10-2015,436.975006,436.975006,429.299988,432.350006,415.578094,3960612.0
05-10-2015,431.399994,445.0,430.924988,444.0,426.776184,7321708.0
06-10-2015,447.825012,450.25,442.875,449.024994,431.606262,5636996.0
07-10-2015,447.350006,459.024994,445.5,456.899994,439.175751,5264358.0
08-10-2015,457.450012,457.450012,443.125,444.549988,427.30484,4915978.0
09-10-2015,447.024994,452.725006,440.75,443.674988,426.463776,4264390.0
12-10-2015,444.0,450.799988,444.0,445.875,428.578461,2840098.0
13-10-2015,442.524994,448.149994,441.450012,446.799988,429.46756,2817316.0
14-10-2015,447.899994,452.5,446.975006,451.475006,433.961243,3658514.0
15-10-2015,453.850006,455.5,450.049988,451.850006,434.321655,4136660.0
16-10-2015,452.25,457.399994,451.850006,457.399994,439.656372,6970386.0
19-10-2015,470.5,482.75,470.5,481.75,463.061768,15317750.0
20-10-2015,482.5,483.350006,476.5,478.350006,459.79364,8271006.0
21-10-2015,477.75,487.399994,476.5,477.5,458.976624,6585230.0
23-10-2015,481.975006,486.524994,470.575012,477.825012,459.289001,5556136.0
26-10-2015,480.950012,481.5,470.649994,471.424988,453.137299,5000840.0
27-10-2015,469.399994,474.125,468.700012,469.774994,451.55127,5303952.0
28-10-2015,468.450012,472.450012,464.950012,468.475006,450.301758,5467128.0
29-10-2015,468.0,472.5,467.475006,470.5,452.248138,6071344.0
30-10-2015,471.049988,477.950012,470.049988,473.850006,455.468231,6110650.0
02-11-2015,474.5,480.75,472.600006,479.899994,461.283508,3301676.0
03-11-2015,481.625,485.225006,480.625,483.600006,464.839996,5199592.0
04-11-2015,484.0,487.5,473.100006,475.649994,457.198364,4586836.0
05-11-2015,474.5,475.5,466.5,468.299988,450.133514,4922518.0
06-11-2015,469.725006,477.375,468.950012,476.200012,457.727081,3825198.0
09-11-2015,466.75,482.5,461.725006,480.625,461.980377,7786320.0
10-11-2015,478.5,479.75,458.149994,461.375,443.477142,5251122.0
13-11-2015,457.524994,469.274994,457.25,466.524994,448.427368,6255098.0
16-11-2015,463.0,471.0,462.375,467.149994,449.028107,7015926.0
17-11-2015,469.024994,469.450012,463.100006,463.875,445.880188,3926210.0
18-11-2015,463.799988,465.649994,454.975006,456.0,438.310669,5142766.0
19-11-2015,459.450012,469.350006,458.625,467.375,449.244415,5569752.0
20-11-2015,467.0,476.399994,462.774994,473.424988,455.059692,5167930.0
23-11-2015,475.0,478.950012,473.100006,476.875,458.375885,4800026.0
24-11-2015,476.5,485.799988,475.524994,483.850006,465.080322,6768886.0
26-11-2015,485.5,495.975006,484.125,494.325012,475.148926,10883224.0
27-11-2015,494.5,496.25,487.049988,489.524994,470.535156,4979394.0
30-11-2015,489.25,492.200012,481.149994,483.549988,464.791931,13678054.0
01-12-2015,482.0,489.399994,480.625,482.950012,464.21524,5934650.0
02-12-2015,483.125,489.850006,482.25,488.975006,470.0065,3462408.0
03-12-2015,487.450012,494.475006,487.049988,488.600006,469.646027,5194048.0
04-12-2015,486.149994,488.100006,480.700012,482.725006,463.998932,6146002.0
07-12-2015,482.725006,486.5,474.875,476.024994,457.558868,6621556.0
08-12-2015,474.450012,476.799988,468.049988,470.450012,452.200104,3443452.0
09-12-2015,468.100006,471.725006,456.424988,457.950012,440.185059,4194236.0
10-12-2015,461.25,476.899994,460.0,475.174988,456.741791,8499730.0
11-12-2015,475.875,479.5,471.450012,476.475006,457.991394,8300090.0
14-12-2015,473.799988,481.75,473.0,477.549988,459.024689,4829460.0
15-12-2015,478.5,488.975006,476.825012,487.950012,469.021271,7186122.0
16-12-2015,487.950012,493.774994,486.75,489.325012,470.342896,5530496.0
17-12-2015,490.024994,507.5,489.0,504.850006,485.265656,8854870.0
18-12-2015,501.899994,504.5,495.0,495.950012,476.710907,7322040.0
21-12-2015,493.950012,499.5,492.174988,496.049988,476.807007,5637670.0
22-12-2015,496.399994,501.299988,492.0,493.649994,474.500153,5293656.0
23-12-2015,495.899994,503.450012,495.0,501.899994,482.430115,5906346.0
24-12-2015,501.950012,503.600006,498.149994,500.274994,480.868134,5441138.0
28-12-2015,500.299988,506.875,500.0,505.200012,485.602112,5891016.0
29-12-2015,505.200012,509.350006,503.575012,507.700012,488.005096,6818120.0
30-12-2015,507.5,508.0,501.0,502.25,482.76651,3726642.0
31-12-2015,501.700012,509.850006,499.549988,507.299988,487.620636,8450132.0
01-01-2016,504.899994,509.450012,504.100006,507.674988,487.981079,2476270.0
04-01-2016,502.5,506.899994,493.350006,497.649994,478.344971,13793142.0
05-01-2016,500.149994,505.0,498.5,502.575012,483.078949,6832918.0
06-01-2016,503.799988,519.200012,500.200012,516.099976,496.079224,12233710.0
07-01-2016,510.524994,514.0,504.024994,506.625,486.971802,9024438.0
08-01-2016,510.0,516.450012,508.350006,512.875,492.97934,9743678.0
11-01-2016,507.975006,530.400024,505.5,525.799988,505.402954,13265342.0
12-01-2016,527.5,532.700012,520.549988,522.724976,502.447235,10685522.0
13-01-2016,526.549988,544.875,523.599976,538.424988,517.538208,32825622.0
14-01-2016,531.924988,540.5,526.525024,530.825012,510.233002,12719826.0
15-01-2016,534.875,544.75,532.799988,536.650024,515.832153,13151450.0
18-01-2016,537.5,541.974976,504.049988,508.424988,488.701996,12459918.0
19-01-2016,514.5,524.900024,507.049988,521.799988,501.558105,9824192.0
20-01-2016,517.450012,517.450012,495.0,502.274994,482.790558,20624706.0
21-01-2016,508.774994,512.875,488.350006,492.100006,473.010254,14523544.0
22-01-2016,497.024994,505.5,497.024994,502.075012,482.598328,10826910.0
25-01-2016,505.0,509.375,500.0,501.975006,482.502197,5988680.0
27-01-2016,504.049988,505.0,498.475006,499.674988,480.291351,7886590.0
28-01-2016,500.5,510.899994,498.549988,508.450012,488.726044,10548946.0
29-01-2016,509.475006,520.0,509.0,517.700012,497.617218,8767154.0
01-02-2016,519.974976,520.900024,512.775024,515.150024,495.166107,4534546.0
02-02-2016,515.150024,516.400024,495.25,500.575012,481.156555,6752932.0
03-02-2016,494.0,497.0,487.5,490.700012,471.664551,7173616.0
04-02-2016,494.0,500.5,482.850006,486.524994,467.65152,8322158.0
05-02-2016,489.549988,491.0,480.700012,485.450012,466.618256,9599764.0
08-02-2016,485.549988,492.399994,478.975006,480.524994,461.884247,5521706.0
09-02-2016,476.450012,484.399994,475.0,478.75,460.178162,8962058.0
10-02-2016,475.850006,486.5,474.325012,481.325012,462.653259,7718500.0
11-02-2016,481.424988,482.975006,457.75,462.274994,444.342255,7824326.0
12-02-2016,466.950012,466.950012,444.049988,453.274994,435.691376,13403870.0
15-02-2016,459.0,475.674988,459.0,473.375,455.011658,8815778.0
16-02-2016,475.549988,479.0,463.5,465.274994,447.225891,5954526.0
17-02-2016,467.549988,478.725006,458.200012,476.299988,457.823181,7059664.0
18-02-2016,481.475006,484.350006,468.0,470.049988,451.815613,6598322.0
19-02-2016,470.0,476.375,468.674988,472.174988,453.858154,4679328.0
22-02-2016,472.049988,484.149994,472.049988,481.149994,462.485016,5838396.0
23-02-2016,481.549988,483.600006,471.375,474.825012,456.405426,8681492.0
24-02-2016,472.450012,479.274994,471.0,476.325012,457.847229,6942622.0
25-02-2016,477.100006,478.274994,470.424988,472.049988,453.738037,11350050.0
26-02-2016,476.5,479.375,472.149994,475.174988,456.741791,3817066.0
29-02-2016,475.649994,497.299988,467.5,483.325012,464.575684,14186948.0
01-03-2016,482.350006,492.524994,482.325012,490.649994,471.616486,7521846.0
02-03-2016,496.450012,502.875,493.625,500.75,481.324707,9191772.0
03-03-2016,505.0,509.0,498.75,506.424988,486.77951,7260012.0
04-03-2016,507.0,507.5,501.75,503.200012,483.679688,4108856.0
08-03-2016,503.75,515.450012,503.75,513.5,493.580139,6045108.0
09-03-2016,510.0,521.950012,509.299988,520.849976,500.644958,5419662.0
10-03-2016,521.025024,522.950012,504.5,505.875,486.250885,9466248.0
11-03-2016,507.450012,514.775024,505.299988,507.25,487.57254,7003352.0
14-03-2016,509.549988,513.200012,506.475006,509.875,490.095734,5431180.0
15-03-2016,512.0,513.924988,507.549988,510.25,490.456207,4794664.0
16-03-2016,510.5,512.900024,502.725006,510.875,491.056946,5058148.0
17-03-2016,513.5,518.450012,506.0,508.0,498.539948,7695480.0
18-03-2016,509.125,515.075012,507.850006,513.599976,504.035645,6414492.0
21-03-2016,513.974976,520.75,511.375,518.650024,508.991638,5809704.0
22-03-2016,518.5,526.125,517.825012,523.924988,514.168396,7009934.0
23-03-2016,523.450012,523.450012,511.200012,514.599976,505.017059,7683308.0
28-03-2016,515.0,515.849976,507.825012,510.200012,500.698975,8261106.0
29-03-2016,511.899994,521.0,510.100006,518.125,508.476379,7255802.0
30-03-2016,521.349976,525.875,521.349976,523.525024,513.775818,6607560.0
31-03-2016,520.5,528.0,516.349976,522.599976,512.868042,14095970.0
01-04-2016,519.549988,523.150024,512.5,517.224976,507.59317,5660230.0
04-04-2016,520.0,521.099976,512.650024,517.525024,507.887573,3946520.0
05-04-2016,515.674988,521.200012,511.100006,513.474976,503.912964,4690296.0
06-04-2016,516.049988,518.349976,511.299988,516.875,507.249695,3195950.0
07-04-2016,517.450012,524.0,511.049988,518.625,508.967072,4018110.0
08-04-2016,517.950012,527.224976,515.599976,518.174988,508.525421,6131402.0
11-04-2016,518.5,522.75,516.5,520.150024,510.463715,4712636.0
12-04-2016,520.150024,528.724976,519.025024,523.700012,513.947632,5104198.0
13-04-2016,526.275024,534.950012,526.275024,533.025024,523.098938,7332282.0
18-04-2016,532.900024,533.400024,527.700012,532.375,522.46106,8716204.0
20-04-2016,534.599976,534.599976,517.900024,518.650024,508.991638,9914994.0
21-04-2016,520.700012,526.0,517.5,520.575012,510.880798,5202872.0
22-04-2016,519.5,523.75,514.650024,519.474976,509.80127,5351172.0
25-04-2016,522.224976,522.224976,506.149994,508.450012,498.981598,27959172.0
26-04-2016,507.700012,511.950012,503.75,508.475006,499.006134,12082558.0
27-04-2016,508.950012,512.974976,508.0,509.700012,500.208282,6630120.0
28-04-2016,507.0,509.600006,495.475006,498.350006,489.069672,28321014.0
29-04-2016,496.725006,499.274994,489.424988,491.350006,482.200012,10734120.0
02-05-2016,489.5,496.200012,489.0,493.475006,484.285431,4855506.0
03-05-2016,494.0,497.475006,486.375,487.899994,478.81424,8033248.0
04-05-2016,487.024994,491.850006,486.5,489.049988,479.94281,6192906.0
05-05-2016,490.0,491.725006,485.450012,487.625,478.544373,9904822.0
06-05-2016,486.5,488.399994,483.5,484.475006,475.453033,6742440.0
09-05-2016,487.5,493.0,486.399994,491.549988,482.396271,7016176.0
10-05-2016,491.549988,492.350006,489.0,491.274994,482.126373,3313680.0
11-05-2016,485.899994,490.375,485.0,487.700012,478.618011,5641398.0
12-05-2016,488.0,497.100006,487.524994,496.399994,487.155975,5845428.0
13-05-2016,494.475006,495.274994,487.5,489.075012,479.967407,6696706.0
16-05-2016,488.5,491.25,485.549988,487.975006,478.887878,4264144.0
17-05-2016,490.125,491.549988,483.174988,484.575012,475.551178,5558046.0
18-05-2016,482.950012,486.25,482.049988,485.274994,476.238129,3761948.0
19-05-2016,485.850006,485.950012,472.799988,475.600006,466.743317,4176116.0
20-05-2016,476.0,477.25,465.674988,467.100006,458.401611,8477976.0
23-05-2016,468.674988,470.350006,462.825012,465.0,456.340729,8396196.0
24-05-2016,464.024994,472.0,464.024994,470.225006,461.468384,5615474.0
25-05-2016,474.924988,476.399994,470.575012,475.600006,466.743317,4224270.0
26-05-2016,475.0,476.200012,472.049988,473.424988,464.608795,6487202.0
27-05-2016,474.524994,488.450012,474.375,487.350006,478.274506,6126758.0
30-05-2016,488.200012,490.75,482.5,484.350006,475.330353,4404182.0
31-05-2016,484.5,486.5,478.25,478.924988,470.006348,10666938.0
01-06-2016,478.975006,483.049988,475.899994,476.799988,467.920959,4134068.0
02-06-2016,477.25,478.575012,472.549988,478.125,469.221283,4687704.0
03-06-2016,480.0,481.450012,477.924988,479.825012,470.889648,3951424.0
06-06-2016,480.5,481.5,476.274994,477.399994,468.509796,3964932.0
07-06-2016,478.625,480.475006,475.799988,477.524994,468.632446,8665254.0
08-06-2016,479.0,479.0,474.575012,477.049988,468.16629,5547950.0
09-06-2016,480.0,488.225006,478.100006,485.575012,476.532562,7151680.0
10-06-2016,487.0,492.200012,484.149994,488.350006,479.255859,7459474.0
13-06-2016,484.950012,491.725006,481.524994,490.549988,481.414886,4669712.0
14-06-2016,490.475006,492.700012,484.649994,488.125,479.035034,4994016.0
15-06-2016,490.0,493.25,486.875,492.299988,483.132294,5087842.0
16-06-2016,490.5,491.825012,483.524994,488.149994,479.059601,4284658.0
17-06-2016,488.5,489.325012,485.049988,487.450012,478.37265,4816192.0
20-06-2016,486.075012,496.299988,484.0,495.100006,485.880157,4918474.0
21-06-2016,497.049988,497.075012,489.850006,493.549988,484.35907,6369730.0
22-06-2016,492.5,492.950012,488.549988,490.25,481.120483,5846568.0
23-06-2016,489.975006,491.0,485.0,490.225006,481.095978,4497386.0
24-06-2016,482.450012,482.450012,466.700012,475.725006,466.865997,11422346.0
27-06-2016,470.25,479.200012,470.25,477.825012,468.926849,4189198.0
28-06-2016,478.200012,480.774994,477.5,478.899994,469.981842,3476740.0
29-06-2016,481.0,484.475006,480.0,483.450012,474.447144,3439714.0
30-06-2016,486.0,488.75,483.524994,484.575012,475.551178,5832658.0
01-07-2016,486.375,488.399994,485.0,486.725006,477.661133,3021958.0
04-07-2016,487.75,496.799988,487.75,493.350006,484.162781,3567500.0
05-07-2016,493.049988,501.450012,490.149994,496.549988,487.303162,5193356.0
07-07-2016,496.25,500.25,493.075012,493.950012,484.751617,5499296.0
08-07-2016,493.5,494.5,488.174988,489.200012,480.090057,3264450.0
11-07-2016,495.5,497.475006,492.75,496.25,487.008759,3779212.0
12-07-2016,497.625,502.5,495.5,501.700012,492.3573,4465370.0
13-07-2016,502.600006,508.350006,502.075012,504.375,494.982452,6818772.0
14-07-2016,504.049988,507.049988,499.125,502.450012,493.093323,4918366.0
15-07-2016,504.5,510.5,501.75,506.100006,496.675323,6397124.0
18-07-2016,514.0,519.375,500.875,503.125,493.755737,14678172.0
19-07-2016,503.0,511.475006,497.649994,508.899994,499.423187,7611500.0
20-07-2016,509.975006,514.150024,508.274994,511.5,501.974762,5607290.0
21-07-2016,512.0,512.5,502.5,503.174988,493.804779,3068088.0
22-07-2016,503.0,508.899994,502.549988,507.424988,497.975647,3154228.0
25-07-2016,507.0,511.875,503.674988,511.375,501.852112,3767768.0
26-07-2016,511.5,517.400024,507.600006,512.025024,502.490021,4807744.0
27-07-2016,511.524994,513.0,504.475006,506.549988,497.116943,5042896.0
28-07-2016,507.475006,515.25,506.524994,513.174988,503.61853,7136750.0
29-07-2016,512.0,512.450012,506.0,507.450012,498.000214,4402328.0
01-08-2016,509.0,510.149994,502.524994,504.75,495.350464,3647388.0
02-08-2016,504.0,510.0,503.149994,506.399994,496.969727,3524816.0
03-08-2016,507.200012,507.200012,495.75,496.975006,487.720276,5427608.0
04-08-2016,499.5,500.0,491.700012,496.5,487.25412,4657432.0
05-08-2016,499.0,509.5,498.524994,508.125,498.662628,5535828.0
08-08-2016,509.950012,517.0,509.325012,514.625,505.041595,6197506.0
09-08-2016,513.5,517.25,510.5,515.349976,505.753021,6076092.0
10-08-2016,515.625,517.275024,501.0,501.825012,492.47995,6158926.0
11-08-2016,500.975006,511.424988,499.799988,507.049988,497.607666,6477798.0
12-08-2016,508.5,521.450012,508.5,517.900024,508.255615,7481722.0
16-08-2016,518.125,522.400024,507.75,512.450012,502.907104,6111206.0
17-08-2016,512.049988,514.400024,503.600006,506.649994,497.215088,7079940.0
18-08-2016,508.0,511.825012,508.0,509.024994,499.545868,3542898.0
19-08-2016,509.0,511.0,503.549988,507.450012,498.000214,3738616.0
22-08-2016,506.0,509.850006,503.600006,505.924988,496.503571,3055808.0
23-08-2016,506.0,507.5,502.5,505.225006,495.81662,3346656.0
24-08-2016,505.850006,510.975006,505.5,510.25,500.748077,3986306.0
25-08-2016,510.600006,514.5,504.5,506.350006,496.920685,6839550.0
26-08-2016,508.950012,515.400024,507.299988,513.950012,504.37915,4406930.0
29-08-2016,513.625,529.875,513.049988,528.724976,518.878967,7402990.0
30-08-2016,531.0,534.25,526.5,533.200012,523.270691,8307044.0
31-08-2016,532.450012,537.0,523.5,530.0,520.130249,10649920.0
01-09-2016,526.5,536.375,512.849976,514.599976,505.017059,19484908.0
02-09-2016,515.549988,516.275024,501.149994,506.674988,497.239594,12857628.0
06-09-2016,509.950012,512.5,507.5,509.950012,500.453644,5262182.0
07-09-2016,511.0,513.525024,506.524994,508.825012,499.349609,5909990.0
08-09-2016,511.524994,517.974976,510.100006,516.700012,507.077972,5580392.0
09-09-2016,517.5,524.950012,515.0,522.275024,512.549133,6980882.0
12-09-2016,515.200012,528.0,514.575012,523.25,513.505981,15399600.0
14-09-2016,524.0,529.5,520.450012,522.375,512.647217,8505508.0
15-09-2016,523.5,535.099976,523.5,532.5,522.58374,14341770.0
16-09-2016,533.5,546.924988,529.549988,537.775024,527.760559,17977852.0
19-09-2016,536.275024,544.0,535.5,541.200012,531.121704,7624648.0
20-09-2016,542.0,542.375,534.525024,537.099976,527.098083,5271708.0
21-09-2016,537.0,542.450012,534.5,536.125,526.141235,5002952.0
22-09-2016,541.5,547.900024,539.5,544.474976,534.335632,8577088.0
23-09-2016,544.5,554.724976,544.5,551.400024,541.131775,14211450.0
26-09-2016,551.700012,564.775024,550.125,553.599976,543.29071,17469886.0
27-09-2016,558.5,562.974976,553.299988,555.25,544.910034,8857386.0
28-09-2016,553.950012,554.0,543.150024,545.325012,535.169922,11346976.0
29-09-2016,547.5,555.375,533.700012,536.224976,526.239319,9719492.0
30-09-2016,534.0,547.275024,533.150024,541.849976,531.759521,5120210.0
03-10-2016,543.5,553.974976,538.125,545.349976,535.194458,8286218.0
04-10-2016,546.525024,554.150024,546.0,548.174988,537.966797,5995088.0
05-10-2016,552.0,553.25,542.900024,544.700012,534.556519,4932794.0
06-10-2016,546.0,563.125,546.0,555.400024,545.057251,9651260.0
07-10-2016,557.0,561.525024,553.25,554.5,544.174072,6985676.0
10-10-2016,557.0,561.0,547.0,548.174988,537.966797,5281946.0
13-10-2016,544.5,544.525024,526.0,528.575012,518.731812,10029334.0
14-10-2016,531.5,541.0,530.825012,538.825012,528.790955,6978946.0
17-10-2016,540.0,540.400024,529.375,530.325012,520.449219,4492474.0
18-10-2016,533.0,541.375,531.025024,540.549988,530.483765,5062266.0
19-10-2016,542.224976,547.349976,540.700012,543.674988,533.550598,7805312.0
20-10-2016,546.974976,549.0,542.025024,543.775024,533.648743,4629042.0
21-10-2016,548.5,548.5,529.200012,532.099976,522.191101,19936484.0
24-10-2016,535.0,537.0,530.325012,531.650024,521.749512,4806198.0
25-10-2016,532.5,532.625,527.099976,530.424988,520.547302,3501422.0
26-10-2016,528.025024,529.724976,526.049988,527.025024,517.210693,5004110.0
27-10-2016,525.549988,526.950012,521.700012,524.349976,514.585449,5871148.0
28-10-2016,525.0,529.0,521.900024,527.474976,517.652283,3715834.0
01-11-2016,525.650024,527.974976,523.700012,525.5,515.71405,4674022.0
02-11-2016,520.5,521.424988,510.5,511.875,502.342804,3218450.0
03-11-2016,511.924988,517.375,510.299988,511.975006,502.440918,3342742.0
04-11-2016,510.125,513.450012,500.0,502.774994,493.412231,5273822.0
07-11-2016,507.0,508.274994,499.524994,500.575012,491.253265,4345842.0
08-11-2016,502.850006,502.850006,499.149994,501.75,492.406342,6140692.0
09-11-2016,475.0,504.5,465.0,502.299988,492.946106,9893146.0
10-11-2016,509.299988,514.474976,503.5,505.200012,495.792114,4463814.0
11-11-2016,498.924988,508.75,497.549988,500.875,491.547638,6754784.0
15-11-2016,498.25,500.0,489.774994,492.700012,483.524841,6623184.0
16-11-2016,497.5,498.399994,490.350006,493.274994,484.089172,7566452.0
17-11-2016,493.0,499.075012,487.200012,488.875,479.771088,5773270.0
18-11-2016,492.5,496.350006,491.0,493.75,484.555298,8303856.0
21-11-2016,493.774994,496.774994,491.600006,495.75,486.518066,6049424.0
22-11-2016,498.850006,503.899994,496.649994,500.725006,491.400421,8067320.0
23-11-2016,502.5,505.25,499.774994,504.5,495.105133,5992496.0
24-11-2016,502.774994,502.774994,491.100006,493.674988,484.481689,8646750.0
25-11-2016,495.0,497.950012,492.174988,496.850006,487.597595,4779658.0
28-11-2016,496.5,500.299988,492.049988,493.325012,484.138245,3800322.0
29-11-2016,494.5,502.149994,494.024994,498.850006,489.560333,4519218.0
30-11-2016,499.975006,499.975006,493.325012,495.024994,485.80658,12616008.0
01-12-2016,500.0,507.5,497.5,498.875,489.584839,5773026.0
02-12-2016,497.950012,502.5,495.899994,497.375,488.112823,5706090.0
05-12-2016,497.5,499.850006,493.25,496.924988,487.671204,1822820.0
06-12-2016,498.0,503.274994,497.299988,502.600006,493.240509,3075070.0
07-12-2016,502.0,503.799988,498.174988,499.575012,490.271851,2254226.0
08-12-2016,502.524994,510.899994,502.174988,510.024994,500.527252,4000460.0
09-12-2016,511.0,515.924988,510.149994,514.474976,504.894348,3766666.0
12-12-2016,510.25,520.849976,510.25,513.599976,504.035645,4125400.0
13-12-2016,514.0,520.5,513.775024,519.900024,510.218384,4738906.0
14-12-2016,519.900024,532.224976,519.099976,529.75,519.884949,11035658.0
15-12-2016,526.200012,533.799988,524.325012,526.474976,516.670898,8837934.0
16-12-2016,526.0,531.0,526.0,528.575012,518.731812,6831074.0
19-12-2016,527.5,533.474976,527.174988,531.275024,521.381592,6861900.0
20-12-2016,527.349976,530.5,526.575012,528.950012,519.099792,5343438.0
21-12-2016,530.049988,533.650024,528.599976,531.625,521.724976,9311516.0
22-12-2016,529.0,531.325012,525.474976,526.674988,516.867188,13208832.0
23-12-2016,526.0,534.474976,526.0,528.650024,518.80542,4692828.0
26-12-2016,527.174988,533.0,522.325012,523.724976,513.972168,7004598.0
27-12-2016,523.924988,533.549988,523.5,532.349976,522.436462,7974284.0
28-12-2016,533.950012,534.775024,523.549988,524.849976,515.076172,4405854.0
29-12-2016,525.0,534.400024,524.75,532.724976,522.804504,4010412.0
30-12-2016,532.400024,542.5,531.549988,541.200012,531.121704,7182986.0
02-01-2017,542.0,545.0,536.174988,542.549988,532.446594,3244916.0
03-01-2017,544.924988,548.5,540.549988,544.700012,534.556519,2941502.0
04-01-2017,546.450012,546.5,532.150024,533.575012,523.638672,4751094.0
05-01-2017,535.5,539.950012,534.375,538.700012,528.668274,3992966.0
06-01-2017,537.099976,542.5,536.549988,537.474976,527.466003,3586854.0
09-01-2017,538.5,543.0,535.5,538.849976,528.81543,2390514.0
10-01-2017,540.0,547.200012,540.0,544.924988,534.777283,5188800.0
11-01-2017,547.5,547.849976,542.0,543.025024,532.912781,5246422.0
12-01-2017,543.5,545.174988,539.900024,541.650024,531.563354,1998728.0
13-01-2017,542.275024,548.75,542.275024,545.200012,535.047241,3307338.0
16-01-2017,544.974976,546.974976,536.974976,538.125,528.103943,5492010.0
17-01-2017,532.5,534.0,519.25,520.625,510.929871,17936580.0
18-01-2017,521.299988,524.0,514.375,516.275024,506.660858,7254142.0
19-01-2017,517.575012,522.650024,515.5,516.849976,507.225128,6987456.0
20-01-2017,516.974976,518.724976,511.950012,512.900024,503.348694,4016164.0
23-01-2017,510.899994,515.5,506.399994,507.950012,498.490906,6267066.0
24-01-2017,508.5,514.400024,508.5,513.650024,504.084747,4306182.0
25-01-2017,516.0,516.349976,508.075012,508.649994,499.177856,10906460.0
27-01-2017,510.125,514.450012,509.5,512.549988,503.005188,9994478.0
30-01-2017,512.474976,523.224976,512.400024,522.400024,512.671814,7167512.0
31-01-2017,523.424988,526.900024,520.150024,522.599976,512.868042,6914730.0
01-02-2017,523.049988,525.450012,517.599976,524.825012,515.051636,5171596.0
02-02-2017,525.0,525.400024,519.125,521.75,512.033875,4159816.0
03-02-2017,523.0,525.224976,515.049988,516.825012,507.200623,6043502.0
06-02-2017,518.5,522.450012,516.025024,520.825012,511.126129,4567964.0
07-02-2017,521.0,521.174988,513.599976,515.450012,505.851257,4528490.0
08-02-2017,515.450012,519.125,511.0,512.575012,503.029755,7420188.0
09-02-2017,514.0,517.0,513.400024,516.375,506.759003,4508432.0
10-02-2017,517.5,517.775024,512.775024,515.075012,505.483185,5723062.0
13-02-2017,516.5,517.0,511.0,514.924988,505.335999,3915976.0
14-02-2017,517.5,526.450012,514.950012,524.900024,515.125244,8340828.0
15-02-2017,526.450012,528.75,522.625,525.650024,515.861267,6965690.0
16-02-2017,526.275024,534.724976,526.275024,533.75,523.810425,8985694.0
17-02-2017,533.25,539.099976,529.224976,537.75,527.735962,6787712.0
20-02-2017,535.275024,539.424988,533.25,537.700012,527.68689,5326254.0
21-02-2017,537.599976,545.474976,536.525024,544.099976,533.967651,6485580.0
22-02-2017,546.5,605.825012,546.0,603.75,592.506897,58207852.0
23-02-2017,606.799988,611.0,589.674988,591.375,580.362305,28458468.0
27-02-2017,595.25,628.400024,595.174988,619.450012,607.914551,38137822.0
28-02-2017,616.0,624.0,614.25,619.025024,607.497437,16509062.0
01-03-2017,620.049988,622.200012,615.0,617.25,605.755493,11148306.0
02-03-2017,618.950012,627.349976,613.525024,618.375,606.859497,8258066.0
03-03-2017,620.775024,643.900024,620.775024,629.275024,617.55658,38541702.0
06-03-2017,634.5,656.0,632.625,652.674988,640.520752,30504308.0
07-03-2017,659.424988,663.5,648.075012,652.474976,640.324463,19233700.0
08-03-2017,653.849976,653.849976,643.049988,645.599976,633.577515,19812206.0
09-03-2017,645.0,649.0,640.75,643.375,631.394043,14215340.0
10-03-2017,645.125,648.0,630.599976,640.825012,628.891479,11331136.0
14-03-2017,659.375,659.5,642.625,644.75,632.743408,12693240.0
15-03-2017,645.525024,658.150024,645.200012,652.474976,640.324463,11021316.0
16-03-2017,655.0,655.200012,646.799988,648.825012,636.742493,7279928.0
17-03-2017,654.0,659.974976,649.025024,650.349976,638.239075,10390152.0
20-03-2017,653.0,653.125,639.174988,640.400024,628.474426,5883428.0
21-03-2017,641.099976,641.950012,629.650024,631.900024,620.13269,10330214.0
22-03-2017,626.0,632.950012,623.275024,629.849976,618.120789,9276676.0
23-03-2017,631.575012,638.775024,629.0,636.650024,624.79425,5398180.0
24-03-2017,637.049988,646.0,634.224976,643.375,631.394043,7443822.0
27-03-2017,635.549988,639.375,623.599976,625.549988,613.900879,14836244.0
28-03-2017,629.0,632.0,621.049988,622.875,611.275757,9923868.0
29-03-2017,625.849976,630.0,616.674988,628.325012,616.624268,8651574.0
30-03-2017,627.5,637.375,626.5,635.325012,623.493896,12737718.0
31-03-2017,633.0,668.825012,633.0,660.450012,648.151062,20751038.0
03-04-2017,671.0,690.25,668.525024,687.325012,674.525574,20520654.0
05-04-2017,697.599976,709.0,690.049988,707.5,694.324768,18434720.0
06-04-2017,704.5,724.450012,701.099976,719.25,705.856018,23142150.0
07-04-2017,710.650024,717.0,701.275024,703.299988,690.203064,14572302.0
10-04-2017,705.0,712.450012,688.650024,690.674988,677.81311,14066282.0
11-04-2017,693.924988,700.224976,685.049988,686.174988,673.396973,14743454.0
12-04-2017,691.400024,693.224976,675.575012,677.0,664.392822,12548430.0
13-04-2017,677.0,686.700012,673.674988,682.400024,669.692322,5812376.0
17-04-2017,682.5,697.775024,682.5,695.924988,682.965332,5411708.0
18-04-2017,699.974976,705.0,683.5,685.099976,672.34198,7322166.0
19-04-2017,684.5,691.275024,678.775024,684.400024,671.655029,5290584.0
20-04-2017,689.5,693.400024,682.049988,684.775024,672.02301,3837224.0
21-04-2017,690.25,710.5,689.275024,701.25,688.191223,13820554.0
24-04-2017,704.525024,717.5,700.099976,708.700012,695.502563,11663462.0
25-04-2017,730.0,733.875,713.049988,716.400024,703.059143,16807408.0
26-04-2017,717.5,720.025024,701.299988,708.224976,695.036316,7663550.0
27-04-2017,708.5,712.075012,701.099976,704.75,691.626038,5747310.0
28-04-2017,704.875,710.150024,695.5,697.599976,684.609192,5416808.0
02-05-2017,701.0,701.0,683.150024,685.275024,672.513733,8499368.0
03-05-2017,688.450012,690.375,682.5,685.049988,672.292908,4343098.0
04-05-2017,687.5,689.799988,677.025024,678.974976,666.330994,6567622.0
05-05-2017,680.799988,683.674988,662.5,664.125,651.757568,7131086.0
08-05-2017,665.0,669.75,659.174988,660.700012,648.396362,7345170.0
09-05-2017,662.0,666.825012,660.125,665.174988,652.788025,9649022.0
10-05-2017,667.400024,681.799988,665.325012,679.549988,666.895386,10471864.0
11-05-2017,682.049988,684.875,675.825012,679.775024,667.116211,6301512.0
12-05-2017,680.025024,682.0,672.025024,675.224976,662.650818,3439458.0
15-05-2017,678.200012,678.200012,666.75,672.049988,659.534973,3080426.0
16-05-2017,673.025024,688.450012,670.5,678.150024,665.521423,5785894.0
17-05-2017,676.5,682.974976,673.875,676.549988,663.951172,4500608.0
18-05-2017,670.125,675.0,662.049988,663.674988,651.315918,4475832.0
19-05-2017,666.5,667.849976,655.0,659.424988,647.14502,5857766.0
22-05-2017,663.25,666.799988,657.599976,662.075012,649.745728,4023718.0
23-05-2017,662.849976,664.924988,651.0,652.775024,640.618958,4216446.0
24-05-2017,653.75,656.849976,647.549988,648.849976,636.767029,6549608.0
25-05-2017,650.0,656.200012,648.224976,651.224976,639.097778,11850670.0
26-05-2017,651.974976,672.200012,650.0,668.650024,656.198303,9797278.0
29-05-2017,668.5,682.724976,667.799988,678.450012,665.815857,10982340.0
30-05-2017,677.950012,682.349976,674.25,679.674988,667.018005,4415454.0
31-05-2017,683.5,683.974976,667.900024,670.349976,657.866638,7508198.0
01-06-2017,666.349976,670.0,661.5,664.125,651.757568,4358656.0
02-06-2017,667.5,669.349976,658.5,662.375,650.040222,5255130.0
05-06-2017,663.125,670.5,657.924988,664.674988,652.297363,4953412.0
06-06-2017,666.974976,666.974976,655.5,656.400024,644.176453,4384712.0
07-06-2017,655.599976,671.0,654.5,669.5,657.032471,5119908.0
08-06-2017,670.0,672.400024,664.025024,665.849976,653.450378,3613042.0
09-06-2017,672.549988,676.474976,665.5,667.849976,655.413208,6325604.0
12-06-2017,663.275024,664.875,658.5,659.724976,647.439514,3855026.0
13-06-2017,660.299988,663.5,655.5,657.174988,644.936951,2754582.0
14-06-2017,657.950012,680.0,657.950012,678.75,666.110229,24202054.0
15-06-2017,680.0,697.5,679.549988,691.974976,679.088928,12933608.0
16-06-2017,694.549988,697.900024,684.650024,694.400024,681.468811,14954314.0
19-06-2017,695.099976,707.900024,695.099976,704.625,691.503357,6965824.0
20-06-2017,704.5,711.049988,703.724976,706.174988,693.024536,4636798.0
21-06-2017,703.900024,714.0,702.125,711.0,697.759705,9139886.0
22-06-2017,714.724976,722.700012,713.849976,716.325012,702.985535,10111884.0
23-06-2017,718.0,721.0,715.299988,717.924988,704.555664,14237664.0
27-06-2017,716.0,721.5,712.5,718.575012,705.193665,14899756.0
28-06-2017,719.974976,719.974976,697.775024,699.25,686.228455,7117076.0
29-06-2017,700.0,705.0,695.049988,696.349976,683.382507,5896644.0
30-06-2017,696.0,696.200012,687.525024,690.0,677.150696,3572422.0
03-07-2017,694.099976,697.349976,685.5,690.525024,677.666016,4203772.0
04-07-2017,695.0,713.549988,694.5,710.974976,697.735107,8602400.0
05-07-2017,714.724976,723.724976,712.0,721.325012,707.892395,12439044.0
06-07-2017,724.349976,725.0,719.0,721.275024,707.843323,6213034.0
07-07-2017,721.5,748.875,720.0,745.575012,731.690857,16387270.0
10-07-2017,747.549988,750.450012,744.549988,746.424988,732.524963,1602158.0
11-07-2017,750.5,752.200012,743.5,747.174988,733.261047,9598458.0
12-07-2017,749.700012,762.5,748.75,755.549988,741.47998,7819594.0
13-07-2017,754.375,762.5,753.075012,761.049988,752.302551,10519518.0
14-07-2017,760.0,768.0,757.775024,766.875,758.060608,9386022.0
17-07-2017,768.5,779.799988,768.5,775.875,766.957153,8571618.0
18-07-2017,773.400024,775.900024,755.5,759.950012,751.21521,8978824.0
19-07-2017,756.299988,769.0,756.299988,766.474976,757.665161,5390082.0
20-07-2017,769.875,775.0,761.849976,764.450012,755.663452,6229372.0
21-07-2017,775.0,795.849976,772.474976,792.5,783.391052,44410224.0
24-07-2017,800.0,812.450012,792.5,807.625,798.342224,19854458.0
25-07-2017,812.349976,812.474976,798.799988,801.075012,791.867493,9172158.0
26-07-2017,802.099976,814.950012,800.549988,811.375,802.049072,10036778.0
27-07-2017,814.0,815.75,794.174988,797.400024,788.234802,8416142.0
28-07-2017,795.625,802.974976,789.0,797.224976,788.061707,6552046.0
31-07-2017,800.974976,809.400024,798.0,807.599976,798.317505,7574068.0
01-08-2017,811.375,811.375,795.75,801.799988,792.584106,5628596.0
02-08-2017,805.0,817.849976,804.049988,814.599976,805.237,9502770.0
03-08-2017,813.424988,832.450012,808.525024,825.049988,815.566895,9009552.0
04-08-2017,831.5,831.5,807.549988,811.075012,801.752563,8494090.0
07-08-2017,815.799988,815.799988,806.275024,808.174988,798.885864,4360036.0
08-08-2017,809.0,810.525024,793.400024,801.275024,792.065186,5011136.0
09-08-2017,800.75,810.0,792.5,799.400024,790.211792,4771286.0
10-08-2017,796.525024,803.325012,788.974976,792.174988,783.069824,4657686.0
11-08-2017,775.474976,790.0,766.5,773.125,764.238708,7770128.0
14-08-2017,780.5,792.25,780.5,786.525024,777.484802,6144598.0
16-08-2017,786.0,788.0,775.099976,783.049988,774.049622,6206788.0
17-08-2017,784.5,798.825012,780.575012,783.549988,774.543945,7236358.0
18-08-2017,782.0,788.900024,776.575012,787.700012,778.64624,3628022.0
21-08-2017,788.5,792.075012,780.125,782.200012,773.209412,3462376.0
22-08-2017,786.0,789.950012,778.025024,780.025024,771.059509,4358460.0
23-08-2017,782.424988,793.275024,776.575012,791.025024,781.932983,3803648.0
24-08-2017,795.0,796.549988,782.25,784.025024,775.013489,5785142.0
28-08-2017,789.525024,790.974976,780.599976,783.275024,774.272095,5630656.0
29-08-2017,780.924988,783.75,765.0,766.075012,757.269836,6932842.0
30-08-2017,773.775024,784.400024,770.625,782.049988,773.061157,4724774.0
31-08-2017,787.5,798.724976,787.0,797.25,788.086487,11476990.0
01-09-2017,799.924988,808.299988,799.5,805.049988,795.796814,7054954.0
04-09-2017,807.75,818.075012,797.924988,806.674988,797.403137,9856750.0
05-09-2017,815.0,817.424988,810.525024,816.299988,806.91748,11528262.0
06-09-2017,813.200012,826.25,811.400024,822.700012,813.243958,22285024.0
07-09-2017,823.0,832.5,815.0,818.099976,808.696777,7408536.0
08-09-2017,820.0,823.25,812.099976,816.900024,807.510681,6056729.0
11-09-2017,821.299988,826.849976,816.549988,817.900024,808.499146,5801712.0
12-09-2017,822.75,825.0,817.0,823.75,814.28186,2971669.0
13-09-2017,824.0,859.900024,822.0,849.0,839.241638,13430225.0
14-09-2017,855.799988,861.5,842.0,843.849976,834.150818,5425486.0
15-09-2017,842.0,852.849976,834.75,841.799988,832.12439,13072853.0
18-09-2017,850.0,851.049988,843.099976,845.549988,835.831299,2314174.0
19-09-2017,848.700012,848.75,837.0,838.599976,828.961182,3528729.0
20-09-2017,856.099976,872.5,845.099976,847.150024,837.412964,11402965.0
21-09-2017,847.0,851.700012,836.25,841.349976,831.679565,5920552.0
22-09-2017,839.900024,839.900024,813.200012,817.400024,808.004883,5620443.0
25-09-2017,815.0,827.950012,805.200012,821.549988,812.107117,6505309.0
26-09-2017,821.700012,827.049988,812.200012,820.099976,810.673828,4829571.0
27-09-2017,825.599976,825.700012,795.5,799.150024,789.964661,8434196.0
28-09-2017,799.650024,802.900024,780.200012,786.450012,777.410583,13508179.0
29-09-2017,791.75,793.400024,779.099976,780.900024,771.924377,7619230.0
03-10-2017,795.0,803.849976,785.349976,798.349976,789.173828,8387059.0
04-10-2017,799.200012,824.950012,795.599976,818.849976,809.438171,8643924.0
05-10-2017,825.0,828.450012,818.650024,824.150024,814.677307,4860479.0
06-10-2017,824.0,839.349976,822.599976,837.049988,827.428955,5942106.0
09-10-2017,839.0,839.799988,828.0,830.650024,821.1026,4046109.0
10-10-2017,831.0,847.299988,831.0,843.200012,833.508362,6734986.0
11-10-2017,845.299988,858.400024,836.0,840.150024,830.493347,7049800.0
12-10-2017,842.099976,876.799988,842.099976,872.75,862.718628,8522926.0
13-10-2017,879.299988,890.700012,873.349976,876.450012,866.37616,9833512.0
16-10-2017,879.0,892.0,861.299988,876.799988,866.722107,14633539.0
17-10-2017,878.0,884.0,867.200012,874.349976,864.300232,6354084.0
18-10-2017,877.400024,917.900024,875.0,914.5,903.988831,16765178.0
19-10-2017,915.799988,921.900024,903.0,909.900024,899.441711,3664082.0
23-10-2017,912.900024,944.700012,909.099976,939.75,928.948608,12551649.0
24-10-2017,947.700012,947.700012,928.200012,934.25,923.51178,6335308.0
25-10-2017,940.099976,945.900024,929.5,939.900024,929.096863,4577050.0
26-10-2017,940.0,957.799988,931.0,947.400024,936.510681,7698704.0
27-10-2017,950.0,956.700012,925.700012,929.849976,919.162354,5256749.0
30-10-2017,934.0,945.549988,930.599976,942.5,931.666992,3576533.0
31-10-2017,944.950012,945.75,932.200012,940.849976,930.035889,4345360.0
01-11-2017,947.75,957.799988,945.75,952.549988,941.60144,8033040.0
02-11-2017,952.799988,956.5,944.25,946.599976,935.719788,4698609.0
03-11-2017,955.950012,955.950012,940.150024,945.299988,934.434814,2193730.0
06-11-2017,942.5,942.5,929.0,932.5,921.781921,4460799.0
07-11-2017,933.349976,935.0,903.049988,906.700012,896.278442,9347943.0
08-11-2017,902.5,906.0,884.099976,887.799988,877.595642,8115980.0
09-11-2017,894.75,909.900024,892.049988,900.5,890.149719,6860798.0
10-11-2017,900.950012,900.950012,879.200012,883.849976,873.69104,6365174.0
13-11-2017,885.0,891.900024,873.5,875.25,865.189941,4155011.0
14-11-2017,875.0,895.0,873.0,886.700012,876.508362,5706105.0
15-11-2017,884.5,890.599976,877.950012,883.700012,873.542847,6981872.0
16-11-2017,885.5,906.0,885.5,903.849976,893.461182,6931038.0
17-11-2017,918.950012,924.900024,908.5,911.900024,901.418701,5586242.0
20-11-2017,906.200012,924.349976,905.0,920.849976,910.265808,4220192.0
21-11-2017,926.799988,939.650024,925.5,932.549988,921.831299,5980763.0
22-11-2017,937.450012,938.650024,923.450012,930.75,920.052002,5055490.0
23-11-2017,931.0,949.900024,926.650024,947.0,936.115234,7329126.0
24-11-2017,950.0,959.5,947.400024,951.099976,940.168091,6394443.0
27-11-2017,947.25,957.5,944.0,951.349976,940.415222,4680074.0
28-11-2017,949.849976,951.349976,938.099976,943.349976,932.507202,4641893.0
29-11-2017,941.849976,950.0,941.0,946.0,935.126709,3674864.0
30-11-2017,941.450012,941.450012,919.5,921.549988,910.957703,9434893.0
01-12-2017,924.450012,931.25,907.700012,910.099976,899.639343,5081389.0
04-12-2017,913.5,913.799988,897.349976,901.599976,891.237061,4618847.0
05-12-2017,901.049988,920.75,895.450012,913.700012,903.197998,8369174.0
06-12-2017,910.0,930.299988,908.799988,926.650024,915.999207,11007689.0
07-12-2017,930.049988,936.0,923.0,931.549988,920.842834,5529565.0
08-12-2017,933.849976,936.950012,919.049988,921.0,910.414124,5588486.0
11-12-2017,922.450012,926.0,913.549988,916.150024,905.619873,4933853.0
12-12-2017,915.950012,929.0,908.0,915.599976,905.076111,7215014.0
13-12-2017,916.900024,924.950012,910.700012,914.650024,904.137085,4182097.0
14-12-2017,919.0,924.900024,908.75,921.5,910.908325,5021130.0
15-12-2017,931.0,932.950012,917.700012,919.75,909.178406,11158706.0
18-12-2017,911.950012,932.650024,862.650024,921.0,910.414124,8494801.0
19-12-2017,923.599976,927.0,920.0,925.950012,915.30719,4064982.0
20-12-2017,925.900024,927.400024,917.0,918.150024,907.596863,4774414.0
21-12-2017,918.450012,923.950012,910.0,912.950012,902.456604,4147162.0
22-12-2017,914.650024,922.400024,909.299988,920.400024,909.820984,4872675.0
26-12-2017,924.849976,938.900024,918.150024,929.799988,919.112915,5301456.0
27-12-2017,933.0,937.5,919.0,923.75,913.132507,4352384.0
28-12-2017,925.25,934.400024,919.099976,924.200012,913.577332,7091515.0
29-12-2017,926.5,932.299988,918.5,921.049988,910.463501,5069838.0
01-01-2018,922.700012,922.700012,907.5,909.75,899.293396,4321686.0
02-01-2018,913.0,919.549988,906.400024,911.150024,900.677307,4342815.0
03-01-2018,925.0,926.0,913.049988,914.799988,904.285339,6175312.0
04-01-2018,918.150024,921.799988,915.700012,920.299988,909.722107,4118581.0
05-01-2018,921.799988,926.900024,920.25,923.25,912.638245,3401905.0
08-01-2018,926.099976,931.0,923.5,928.549988,917.877319,4035417.0
09-01-2018,928.150024,943.900024,924.0,940.950012,930.134766,6534997.0
10-01-2018,943.0,947.400024,935.5,942.349976,931.518677,5361502.0
11-01-2018,941.799988,942.650024,935.0,937.75,926.971558,3588377.0
12-01-2018,943.0,952.799988,938.25,949.0,938.092285,6890028.0
15-01-2018,950.0,958.5,945.200012,949.150024,938.24054,5084113.0
16-01-2018,947.700012,947.700012,920.0,922.950012,912.341675,4948895.0
17-01-2018,926.0,929.0,907.0,924.5,913.87384,6036432.0
18-01-2018,929.0,929.599976,915.099976,919.700012,909.129028,4289053.0
19-01-2018,923.0,934.400024,922.099976,931.299988,920.595703,4559564.0
22-01-2018,948.0,974.299988,940.0,971.5,960.333679,20892838.0
23-01-2018,975.0,990.950012,975.0,983.25,971.948547,10298500.0
24-01-2018,981.75,981.75,962.650024,966.349976,955.242798,6532672.0
25-01-2018,967.900024,972.0,956.150024,965.900024,954.798035,6249419.0
29-01-2018,966.200012,977.299988,959.299988,964.5,953.414063,4524605.0
30-01-2018,965.799988,965.799988,949.0,950.400024,939.476196,4198139.0
31-01-2018,950.0,964.5,941.549988,961.299988,950.250854,5738209.0
01-02-2018,963.25,972.599976,936.599976,943.849976,933.001404,7554587.0
02-02-2018,935.0,943.950012,901.0,904.349976,893.955444,13242095.0
05-02-2018,894.0,912.5,881.799988,902.150024,891.780823,8773525.0
06-02-2018,877.0,898.0,871.0,892.099976,881.846252,11000567.0
07-02-2018,902.549988,905.400024,890.0,894.400024,884.119812,7100838.0
08-02-2018,897.900024,910.650024,892.349976,904.549988,894.153137,6320734.0
09-02-2018,889.0,902.0,886.0,897.849976,887.530151,5294279.0
12-02-2018,903.0,918.200012,902.049988,915.5,904.977295,5429792.0
14-02-2018,923.0,942.5,921.0,933.650024,922.918701,10170959.0
15-02-2018,937.650024,945.75,928.150024,935.650024,924.895691,6109454.0
16-02-2018,939.599976,942.599976,918.099976,921.299988,910.710632,4401672.0
19-02-2018,921.0,932.0,913.549988,927.0,916.345093,4087936.0
20-02-2018,929.0,929.549988,918.799988,921.099976,910.512939,3866919.0
21-02-2018,930.0,932.5,922.150024,929.349976,918.668091,5448230.0
22-02-2018,922.0,931.0,920.0,924.349976,913.725525,5118850.0
23-02-2018,925.400024,938.0,922.75,934.25,923.51178,4850839.0
26-02-2018,939.0,944.900024,936.599976,938.700012,927.910706,3856478.0
27-02-2018,939.0,955.799988,938.349976,950.5,939.575012,6410097.0
28-02-2018,945.950012,957.099976,943.200012,954.549988,943.578491,25898694.0
01-03-2018,949.75,959.900024,945.950012,948.400024,937.499146,4094652.0
05-03-2018,943.0,950.150024,921.599976,924.099976,913.478455,5634893.0
06-03-2018,929.0,936.200012,905.099976,910.849976,900.380737,7323680.0
07-03-2018,909.25,909.25,888.049988,889.75,879.523254,7247708.0
08-03-2018,897.650024,914.5,893.299988,911.450012,900.973877,6072983.0
09-03-2018,914.900024,919.349976,911.049988,913.099976,902.604858,4863577.0
12-03-2018,920.0,933.099976,917.549988,930.299988,919.607178,3801407.0
13-03-2018,931.900024,936.0,921.349976,931.849976,921.139343,5096825.0
14-03-2018,928.799988,932.049988,919.200012,929.049988,918.371521,6731530.0
15-03-2018,925.0,929.450012,910.0,911.799988,901.319824,5811424.0
16-03-2018,909.0,909.700012,886.049988,900.049988,889.704834,14087564.0
19-03-2018,901.0,906.900024,892.0,895.5,885.207153,5774392.0
20-03-2018,893.299988,904.0,887.049988,889.799988,879.572632,6945721.0
21-03-2018,894.849976,902.349976,893.299988,896.900024,886.591125,6727261.0
22-03-2018,896.0,911.950012,895.75,908.150024,897.711792,10116965.0
23-03-2018,890.599976,900.0,889.099976,893.900024,883.62561,10729694.0
26-03-2018,893.950012,904.299988,892.5,901.099976,890.742737,6047262.0
27-03-2018,907.200012,910.75,897.0,899.799988,889.457764,6939577.0
28-03-2018,895.799988,895.849976,880.0,882.700012,872.554321,8759586.0
02-04-2018,893.0,900.950012,886.5,892.950012,882.686523,5712065.0
03-04-2018,891.0,901.700012,885.25,899.549988,889.210632,6364728.0
04-04-2018,904.700012,911.799988,892.049988,894.900024,884.614136,6498407.0
05-04-2018,905.099976,910.0,903.5,908.200012,897.76123,3898676.0
06-04-2018,908.0,918.5,905.0,911.0,900.528992,4418462.0
09-04-2018,912.549988,919.0,912.549988,916.0,905.471558,3572251.0
10-04-2018,918.400024,923.900024,914.150024,917.049988,906.50946,3865402.0
11-04-2018,921.799988,932.75,916.049988,930.849976,920.150818,6007539.0
12-04-2018,929.849976,936.650024,924.200012,928.700012,918.025574,4947725.0
13-04-2018,932.700012,941.700012,928.700012,938.849976,928.058899,5767984.0
16-04-2018,934.450012,940.0,928.5,937.049988,926.279602,4084450.0
17-04-2018,940.0,947.200012,936.0,944.25,933.396851,4388713.0
18-04-2018,945.25,948.200012,935.049988,938.0,927.218689,3365196.0
19-04-2018,939.099976,945.0,935.0,942.299988,931.469238,4481413.0
20-04-2018,938.0,941.849976,921.200012,927.900024,917.234802,3349519.0
23-04-2018,930.0,944.349976,928.5,936.0,925.241699,3508515.0
24-04-2018,935.799988,975.700012,935.0,970.049988,958.900269,9107264.0
25-04-2018,973.650024,981.799988,963.549988,970.5,959.345154,6436620.0
26-04-2018,973.0,988.0,962.25,975.349976,964.139404,15588001.0
27-04-2018,989.799988,1011.0,985.5,996.299988,984.848572,11666267.0
30-04-2018,982.0,992.599976,960.0,963.299988,952.227905,8871802.0
02-05-2018,967.0,979.200012,965.049988,972.700012,961.519836,6117761.0
03-05-2018,977.900024,977.900024,959.25,961.599976,950.547424,3947546.0
04-05-2018,962.849976,964.700012,950.0,953.950012,942.985352,3795692.0
07-05-2018,958.849976,973.25,956.349976,971.0,959.839355,3512532.0
08-05-2018,977.5,982.0,965.200012,967.099976,955.984192,4934036.0
09-05-2018,965.900024,984.299988,962.25,976.700012,965.473877,4494423.0
10-05-2018,980.0,984.599976,974.25,981.150024,969.872742,4014645.0
11-05-2018,981.25,991.299988,977.75,989.25,977.879639,4011516.0
14-05-2018,991.950012,991.950012,976.700012,986.599976,975.260071,2579561.0
15-05-2018,983.049988,1000.0,976.650024,978.950012,967.698059,4800923.0
16-05-2018,974.0,974.0,952.450012,956.150024,945.160095,8613363.0
17-05-2018,959.349976,960.0,941.5,945.349976,934.484192,4733477.0
18-05-2018,945.599976,953.5,932.0,933.849976,923.116333,5230037.0
21-05-2018,930.75,935.700012,922.099976,931.349976,920.645142,6624893.0
22-05-2018,933.150024,934.0,925.0,926.75,916.098022,5170585.0
23-05-2018,926.0,926.0,909.150024,912.25,901.764648,4567562.0
24-05-2018,914.0,921.0,910.150024,915.849976,905.323242,5317983.0
25-05-2018,916.0,923.400024,914.450012,920.799988,910.21637,8129520.0
28-05-2018,924.900024,927.0,918.099976,920.400024,909.820984,5197835.0
29-05-2018,921.5,928.0,914.400024,917.450012,906.904907,8173396.0
30-05-2018,914.849976,923.200012,906.599976,916.099976,905.570374,5991222.0
31-05-2018,921.0,922.299988,914.549988,921.349976,910.76001,16951801.0
01-06-2018,920.0,935.75,918.450012,930.549988,919.854309,8765835.0
04-06-2018,933.400024,944.0,930.549988,940.849976,930.035889,5600357.0
05-06-2018,942.799988,955.0,941.0,947.650024,936.757813,7971524.0
06-06-2018,947.0,956.0,942.650024,954.400024,943.430176,4189483.0
07-06-2018,954.900024,976.0,954.450012,971.349976,960.185303,6857300.0
08-06-2018,966.349976,986.549988,960.599976,984.349976,973.035889,6532599.0
11-06-2018,987.099976,999.950012,979.049988,982.650024,971.35553,6866053.0
12-06-2018,983.400024,1000.0,980.299988,997.150024,985.688843,7445221.0
13-06-2018,1000.0,1005.900024,989.5,1002.5,990.977356,5926020.0
14-06-2018,997.450012,1011.799988,987.400024,1007.950012,996.364746,5484867.0
15-06-2018,1006.0,1023.5,999.25,1014.200012,1002.542847,11294702.0
18-06-2018,1008.799988,1020.450012,1007.0,1015.549988,1003.877319,5652374.0
19-06-2018,1013.900024,1014.799988,993.650024,996.049988,984.60144,6346101.0
20-06-2018,996.0,1022.900024,994.849976,1019.25,1007.534851,7193824.0
21-06-2018,1023.450012,1036.0,1021.299988,1031.949951,1020.088806,10509756.0
22-06-2018,1028.400024,1029.199951,1008.450012,1012.5,1000.862366,16169978.0
25-06-2018,1011.400024,1016.5,1002.299988,1004.450012,992.904907,5197694.0
26-06-2018,1006.0,1006.0,975.25,978.950012,967.698059,8068585.0
27-06-2018,978.5,985.400024,962.700012,965.849976,960.580688,8958555.0
28-06-2018,962.0,968.5,940.299988,944.950012,939.794739,8581234.0
29-06-2018,949.099976,975.5,949.0,972.450012,967.144714,7966401.0
02-07-2018,972.349976,972.349976,957.0,960.599976,955.359314,6660916.0
03-07-2018,965.0,978.450012,960.349976,971.299988,966.000977,5067261.0
04-07-2018,971.799988,992.0,971.0,990.099976,984.698364,5000724.0
05-07-2018,997.0,1008.400024,958.599976,964.5,959.238037,18719353.0
06-07-2018,964.75,983.0,964.5,977.549988,972.216858,9161266.0
09-07-2018,987.099976,1000.0,983.5,997.099976,991.660156,5170189.0
10-07-2018,1002.75,1028.5,1000.0,1025.699951,1020.104126,10444513.0
11-07-2018,1025.0,1040.900024,1017.849976,1038.800049,1033.132813,8665072.0
12-07-2018,1044.349976,1099.0,1042.599976,1082.349976,1076.445068,24109297.0
13-07-2018,1080.5,1109.0,1080.0,1099.800049,1093.799927,17967282.0
16-07-2018,1099.800049,1108.900024,1073.050049,1076.199951,1070.328613,6595781.0
17-07-2018,1078.300049,1095.949951,1069.599976,1092.349976,1086.390503,6469256.0
18-07-2018,1098.400024,1104.599976,1077.300049,1092.550049,1086.589478,4682099.0
19-07-2018,1093.300049,1115.0,1086.349976,1104.849976,1098.822388,5433617.0
20-07-2018,1113.400024,1138.5,1111.900024,1128.650024,1122.492554,8018150.0
23-07-2018,1129.800049,1129.800049,1113.099976,1120.300049,1114.18811,5842496.0
24-07-2018,1122.0,1126.75,1107.400024,1110.949951,1104.889038,4469144.0
25-07-2018,1110.0,1123.0,1104.199951,1115.150024,1109.066162,5949680.0
26-07-2018,1110.099976,1121.5,1107.800049,1110.650024,1104.590698,6424867.0
27-07-2018,1119.5,1137.400024,1112.150024,1129.849976,1123.685913,6679468.0
30-07-2018,1130.0,1157.300049,1128.0,1151.400024,1145.118408,13872467.0
31-07-2018,1151.0,1190.400024,1147.150024,1186.0,1179.529663,13875377.0
01-08-2018,1190.400024,1202.900024,1185.400024,1192.349976,1185.844971,9704295.0
02-08-2018,1191.5,1191.5,1165.949951,1168.349976,1161.975952,6248975.0
03-08-2018,1175.0,1183.5,1169.550049,1176.949951,1170.528931,6645397.0
06-08-2018,1176.699951,1196.0,1175.349976,1192.599976,1186.093628,4016418.0
07-08-2018,1194.900024,1201.400024,1177.0,1184.199951,1177.73938,4059450.0
08-08-2018,1185.0,1222.5,1185.0,1217.699951,1211.056641,7912437.0
09-08-2018,1221.5,1231.699951,1212.0,1217.949951,1211.305298,6846928.0
10-08-2018,1211.0,1215.0,1202.300049,1204.199951,1197.630249,3581210.0
13-08-2018,1197.550049,1199.949951,1182.699951,1187.699951,1181.220337,4668159.0
14-08-2018,1190.0,1217.199951,1184.300049,1210.599976,1203.995361,5299536.0
16-08-2018,1203.25,1216.0,1195.5,1200.800049,1194.248901,5982490.0
17-08-2018,1209.0,1215.400024,1200.050049,1203.75,1197.182861,3830992.0
20-08-2018,1207.900024,1236.800049,1207.650024,1234.900024,1228.162842,7607036.0
21-08-2018,1237.25,1251.5,1227.0,1247.199951,1240.395752,7279641.0
23-08-2018,1246.300049,1274.0,1238.400024,1269.449951,1262.524292,7968123.0
24-08-2018,1265.25,1279.949951,1260.050049,1277.5,1270.530396,6652005.0
27-08-2018,1279.400024,1295.849976,1278.75,1291.5,1284.454102,5572177.0
28-08-2018,1296.0,1323.0,1295.0,1319.0,1311.804077,8694751.0
29-08-2018,1316.300049,1329.0,1290.199951,1294.199951,1287.139282,11077203.0
30-08-2018,1293.599976,1297.150024,1270.449951,1274.449951,1267.49707,9850042.0
31-08-2018,1270.0,1270.0,1236.599976,1241.650024,1234.876099,15305857.0
03-09-2018,1245.0,1257.900024,1226.050049,1229.150024,1222.444214,12200022.0
04-09-2018,1235.150024,1254.800049,1229.0,1241.949951,1235.174316,8838770.0
05-09-2018,1242.5,1252.650024,1208.5,1227.0,1220.305908,10324923.0
06-09-2018,1230.150024,1265.699951,1225.349976,1261.400024,1254.518311,11195043.0
07-09-2018,1264.900024,1281.349976,1254.5,1278.599976,1271.62439,10692787.0
10-09-2018,1275.0,1277.0,1250.099976,1255.849976,1248.998535,7059008.0
11-09-2018,1259.0,1268.400024,1234.25,1237.699951,1230.94751,10874768.0
12-09-2018,1251.800049,1258.699951,1228.849976,1252.5,1245.66687,8065553.0
14-09-2018,1259.400024,1275.599976,1247.650024,1253.150024,1246.313354,7878583.0
17-09-2018,1250.75,1250.75,1221.599976,1225.900024,1219.212036,6754086.0
18-09-2018,1226.0,1239.400024,1214.349976,1217.150024,1210.509766,7616412.0
19-09-2018,1224.0,1224.0,1201.0,1210.75,1204.144653,11265786.0
21-09-2018,1219.0,1237.400024,1183.5,1217.5,1210.857788,19070172.0
24-09-2018,1214.449951,1239.900024,1204.5,1232.050049,1225.328491,10102589.0
25-09-2018,1235.5,1245.0,1195.0,1230.599976,1223.886353,9715020.0
26-09-2018,1239.0,1253.949951,1227.150024,1251.400024,1244.572876,6396828.0
27-09-2018,1255.0,1263.0,1237.5,1253.75,1246.910034,10808749.0
28-09-2018,1259.900024,1271.699951,1247.300049,1257.949951,1251.087036,11073023.0
01-10-2018,1257.699951,1257.699951,1204.0,1231.699951,1224.980225,7332693.0
03-10-2018,1229.5,1239.599976,1200.050049,1205.099976,1198.525391,7376575.0
04-10-2018,1189.5,1190.400024,1106.0,1122.25,1116.127441,23212443.0
05-10-2018,1099.5,1115.300049,1038.150024,1048.849976,1043.127808,21943190.0
08-10-2018,1050.0,1117.0,1025.550049,1109.400024,1103.347534,24679428.0
09-10-2018,1121.650024,1123.300049,1081.199951,1090.050049,1084.103149,10991196.0
10-10-2018,1093.900024,1115.849976,1084.300049,1102.099976,1096.087402,9502176.0
11-10-2018,1064.0,1114.75,1043.0,1087.800049,1081.865479,13224172.0
12-10-2018,1104.949951,1129.0,1101.900024,1126.550049,1120.404053,9058536.0
15-10-2018,1129.900024,1146.900024,1118.150024,1139.75,1133.531982,8871776.0
16-10-2018,1146.0,1167.400024,1140.0,1163.800049,1157.450806,7478601.0
17-10-2018,1179.0,1179.349976,1140.0,1151.300049,1145.019043,12785646.0
19-10-2018,1100.0,1111.0,1070.25,1101.300049,1095.291748,25421229.0
22-10-2018,1110.0,1114.800049,1057.349976,1062.650024,1056.852661,13165542.0
23-10-2018,1052.75,1064.699951,1043.650024,1054.699951,1048.945923,10573730.0
24-10-2018,1074.900024,1075.949951,1031.400024,1045.75,1040.0448,13655337.0
25-10-2018,1036.0,1040.650024,1016.400024,1030.800049,1025.176392,14096237.0
26-10-2018,1032.900024,1057.0,1022.0,1044.900024,1039.199463,9182613.0
29-10-2018,1046.0,1093.849976,1046.0,1087.800049,1081.865479,7671807.0
30-10-2018,1085.5,1085.5,1052.099976,1057.0,1051.233398,8806701.0
31-10-2018,1059.0,1065.849976,1047.0,1061.25,1055.460205,16457691.0
01-11-2018,1067.900024,1067.900024,1050.0,1056.25,1050.487549,9396027.0
02-11-2018,1067.0,1081.0,1063.150024,1074.900024,1069.035767,16796200.0
05-11-2018,1073.449951,1092.699951,1065.0,1090.300049,1084.351807,7582518.0
06-11-2018,1094.0,1112.0,1091.599976,1104.099976,1098.076416,8634266.0
07-11-2018,1115.0,1115.0,1106.699951,1110.699951,1104.640381,1283997.0
09-11-2018,1106.25,1113.800049,1085.0,1093.449951,1087.484497,10840462.0
12-11-2018,1097.699951,1098.800049,1074.550049,1080.0,1074.10791,5801720.0
13-11-2018,1074.0,1103.0,1070.050049,1099.449951,1093.451782,6811598.0
14-11-2018,1105.050049,1112.650024,1085.5,1097.949951,1091.959961,7787530.0
15-11-2018,1096.949951,1103.0,1086.5,1096.849976,1090.865967,6831740.0
16-11-2018,1097.949951,1129.949951,1097.099976,1127.400024,1121.24939,11031889.0
19-11-2018,1132.900024,1151.699951,1131.0,1150.0,1143.726074,7308981.0
20-11-2018,1145.0,1155.900024,1130.0,1137.400024,1131.194824,5719901.0
21-11-2018,1137.5,1145.5,1107.050049,1112.900024,1106.828491,7507812.0
22-11-2018,1114.5,1125.349976,1100.099976,1102.849976,1096.833252,5792568.0
26-11-2018,1109.0,1117.5,1097.400024,1109.75,1103.695679,6386556.0
27-11-2018,1107.900024,1130.0,1105.449951,1128.199951,1122.044922,6810228.0
28-11-2018,1132.449951,1157.75,1126.300049,1152.650024,1146.361572,8003964.0
29-11-2018,1161.0,1179.900024,1160.0,1168.5,1162.125122,12636169.0
30-11-2018,1172.300049,1186.0,1162.300049,1167.550049,1161.180298,10717448.0
03-12-2018,1174.900024,1174.900024,1148.5,1156.449951,1150.140747,5569578.0
04-12-2018,1158.0,1158.0,1142.199951,1152.300049,1146.01355,5192825.0
05-12-2018,1143.75,1158.800049,1139.300049,1155.150024,1148.848022,5819618.0
06-12-2018,1149.0,1149.0,1118.25,1123.650024,1117.519775,5866108.0
07-12-2018,1129.449951,1136.949951,1108.349976,1133.800049,1127.614502,7214078.0
10-12-2018,1110.0,1114.300049,1083.099976,1090.25,1084.302002,9381544.0
11-12-2018,1066.0,1102.099976,1055.0,1097.550049,1091.562256,13494665.0
12-12-2018,1099.0,1113.5,1087.75,1110.5,1104.441528,12605431.0
13-12-2018,1128.0,1128.0,1095.050049,1107.050049,1101.010376,9297518.0
14-12-2018,1103.099976,1114.900024,1091.800049,1112.199951,1106.132202,7221324.0
17-12-2018,1115.949951,1133.0,1111.5,1129.900024,1123.735718,5064357.0
18-12-2018,1123.300049,1139.0,1120.5,1136.400024,1130.200317,5870928.0
19-12-2018,1141.5,1147.300049,1133.199951,1136.800049,1130.598145,7368799.0
20-12-2018,1121.0,1132.5,1116.150024,1128.449951,1122.293579,5764731.0
21-12-2018,1125.0,1131.25,1096.0,1100.199951,1094.197632,8281941.0
24-12-2018,1100.900024,1103.199951,1086.550049,1089.150024,1083.208008,4144535.0
26-12-2018,1085.800049,1100.0,1065.650024,1098.349976,1092.357788,7210059.0
27-12-2018,1107.199951,1127.0,1104.0,1120.199951,1114.088623,12478000.0
28-12-2018,1125.5,1135.25,1121.199951,1125.550049,1119.409424,7666016.0
31-12-2018,1130.949951,1133.849976,1116.199951,1121.25,1115.132935,7222817.0
01-01-2019,1125.25,1127.300049,1110.099976,1121.0,1114.884277,4455850.0
02-01-2019,1114.5,1127.0,1101.0,1106.400024,1100.363892,7144970.0
03-01-2019,1107.5,1114.599976,1090.099976,1092.75,1086.78833,7446457.0
04-01-2019,1097.400024,1104.449951,1081.099976,1098.650024,1092.65625,8465141.0
07-01-2019,1107.0,1118.449951,1101.0,1104.75,1098.7229,5513559.0
08-01-2019,1105.099976,1109.949951,1096.0,1104.650024,1098.623535,5625153.0
09-01-2019,1112.0,1117.0,1098.699951,1110.75,1104.690186,5766805.0
10-01-2019,1107.75,1111.0,1103.0,1107.5,1101.457886,4080283.0
11-01-2019,1107.599976,1113.800049,1088.599976,1098.050049,1092.05957,6463903.0
14-01-2019,1095.0,1100.5,1086.400024,1096.800049,1090.816284,4111782.0
15-01-2019,1105.0,1132.0,1105.0,1129.650024,1123.487061,10062875.0
16-01-2019,1135.0,1145.0,1130.349976,1135.900024,1129.703003,6382777.0
17-01-2019,1144.449951,1147.900024,1130.0,1134.449951,1128.260864,7487963.0
18-01-2019,1148.800049,1189.900024,1135.25,1184.349976,1177.888672,25684142.0
21-01-2019,1194.0,1239.949951,1188.650024,1237.699951,1230.94751,22038534.0
22-01-2019,1232.849976,1246.949951,1219.599976,1235.150024,1228.411499,16552819.0
23-01-2019,1233.300049,1244.199951,1222.0,1226.300049,1219.609863,8829502.0
24-01-2019,1225.0,1253.199951,1220.099976,1247.449951,1240.644287,13155185.0
25-01-2019,1250.449951,1264.699951,1235.400024,1246.0,1239.202271,8550836.0
28-01-2019,1250.5,1255.949951,1222.400024,1229.550049,1222.842041,8569265.0
29-01-2019,1231.0,1231.650024,1201.349976,1210.650024,1204.045166,9328866.0
30-01-2019,1215.0,1225.0,1191.099976,1195.699951,1189.176636,7846940.0
31-01-2019,1202.0,1229.699951,1201.0,1227.150024,1220.4552,10185347.0
01-02-2019,1234.0,1255.0,1227.050049,1249.949951,1243.130737,9228965.0
04-02-2019,1247.0,1296.949951,1242.050049,1290.900024,1283.857422,11670570.0
05-02-2019,1292.0,1304.400024,1278.599976,1291.550049,1284.503906,9362406.0
06-02-2019,1296.25,1317.650024,1294.25,1310.25,1303.101807,9411585.0
07-02-2019,1310.25,1321.199951,1286.099976,1290.400024,1283.360107,9212227.0
08-02-2019,1284.800049,1300.5,1272.25,1277.699951,1270.72937,6505502.0
11-02-2019,1275.900024,1276.0,1251.0,1253.25,1246.41272,7523999.0
12-02-2019,1251.5,1272.349976,1251.5,1256.400024,1249.545532,6399485.0
14-02-2019,1241.0,1241.0,1218.0,1224.199951,1217.52124,6627360.0
15-02-2019,1229.75,1249.900024,1214.0,1244.449951,1237.660767,9597961.0
18-02-2019,1250.0,1252.5,1215.0,1220.099976,1213.443604,9649017.0
19-02-2019,1218.0,1239.699951,1211.199951,1216.099976,1209.465454,6244189.0
20-02-2019,1223.849976,1240.0,1219.0,1234.349976,1227.615845,6298179.0
21-02-2019,1236.0,1257.800049,1229.349976,1246.900024,1240.097412,10580178.0
22-02-2019,1244.599976,1245.300049,1226.0,1232.349976,1225.626709,8755865.0
25-02-2019,1236.0,1243.0,1220.650024,1232.300049,1225.577148,7852528.0
26-02-2019,1209.5,1234.800049,1206.0,1220.25,1213.592773,10131050.0
27-02-2019,1228.050049,1244.900024,1209.0,1223.5,1216.825073,11113182.0
28-02-2019,1233.75,1239.849976,1226.550049,1231.050049,1224.333862,11286916.0
01-03-2019,1237.0,1242.349976,1222.25,1226.050049,1219.361206,7922513.0
05-03-2019,1223.400024,1239.800049,1218.599976,1237.650024,1230.897827,7121509.0
06-03-2019,1239.800049,1273.099976,1235.099976,1264.800049,1257.89978,12038231.0
07-03-2019,1264.0,1279.800049,1258.150024,1270.25,1263.320068,8109259.0
08-03-2019,1266.050049,1274.449951,1262.0,1267.099976,1260.187134,6040052.0
11-03-2019,1270.050049,1312.0,1268.0,1304.099976,1296.985352,9718840.0
12-03-2019,1316.900024,1334.0,1314.25,1331.349976,1324.08667,11228736.0
13-03-2019,1337.0,1360.0,1328.099976,1347.300049,1339.949707,11236048.0
14-03-2019,1349.75,1362.0,1336.099976,1341.550049,1334.231079,10402048.0
15-03-2019,1345.0,1358.800049,1311.199951,1321.650024,1314.439575,15893093.0
18-03-2019,1331.0,1357.949951,1329.0,1350.050049,1342.684692,10105234.0
19-03-2019,1360.0,1380.0,1343.099976,1376.550049,1369.040161,9805318.0
20-03-2019,1377.800049,1388.0,1364.0,1375.449951,1367.946045,9892823.0
22-03-2019,1372.5,1380.900024,1336.699951,1341.75,1334.429932,11465112.0
25-03-2019,1330.599976,1336.849976,1316.699951,1324.449951,1317.224243,7951992.0
26-03-2019,1330.300049,1371.599976,1330.0,1367.25,1359.790771,9479288.0
27-03-2019,1377.949951,1377.949951,1344.25,1349.25,1341.889038,10094174.0
28-03-2019,1350.25,1369.800049,1342.800049,1360.0,1352.580322,10482938.0
01-04-2019,1370.0,1406.800049,1362.550049,1391.849976,1384.256592,10098281.0
02-04-2019,1398.0,1403.099976,1380.099976,1389.699951,1382.118286,8012636.0
03-04-2019,1392.75,1403.0,1372.0,1375.199951,1367.697388,7849461.0
04-04-2019,1379.0,1383.699951,1347.25,1353.050049,1345.668335,8375674.0
05-04-2019,1360.949951,1363.900024,1343.0,1353.900024,1346.513672,6728239.0
08-04-2019,1356.0,1357.5,1323.699951,1329.25,1321.998169,8723577.0
09-04-2019,1328.900024,1340.699951,1321.0,1334.449951,1327.169678,9497621.0
10-04-2019,1337.949951,1348.0,1326.5,1331.400024,1324.136475,7612711.0
11-04-2019,1332.949951,1353.0,1329.0,1346.800049,1339.452393,5741333.0
12-04-2019,1350.0,1356.900024,1336.650024,1343.099976,1335.772583,5919742.0
15-04-2019,1345.0,1348.949951,1335.0,1340.150024,1332.838745,4245127.0
16-04-2019,1345.0,1360.0,1340.0,1343.75,1336.419067,7936553.0
18-04-2019,1375.0,1389.75,1365.0,1385.949951,1378.388794,17960482.0
22-04-2019,1360.0,1367.0,1341.300049,1345.349976,1338.010254,10792748.0
23-04-2019,1348.0,1373.0,1346.0,1363.849976,1356.409302,9055300.0
24-04-2019,1370.300049,1394.800049,1366.25,1389.5,1381.919434,7360887.0
25-04-2019,1389.099976,1412.400024,1362.599976,1372.400024,1364.91272,13929820.0
26-04-2019,1375.0,1395.949951,1370.699951,1392.800049,1385.201416,6889444.0
30-04-2019,1396.400024,1396.400024,1366.800049,1392.800049,1385.201416,10217019.0
02-05-2019,1392.0,1413.900024,1382.099976,1405.050049,1397.384644,8682505.0
03-05-2019,1407.949951,1417.5,1402.650024,1408.849976,1401.163818,6510169.0
06-05-2019,1398.0,1402.800049,1378.099976,1384.900024,1377.344604,7237910.0
07-05-2019,1394.800049,1395.0,1340.199951,1343.5,1336.17041,8877095.0
08-05-2019,1340.0,1340.0,1292.199951,1299.449951,1292.360596,14610543.0
09-05-2019,1288.800049,1288.800049,1251.75,1256.449951,1249.595215,19507368.0
10-05-2019,1265.0,1277.699951,1245.0,1251.150024,1244.324219,11226831.0
13-05-2019,1247.900024,1260.800049,1227.5,1232.050049,1225.328491,8047801.0
14-05-2019,1236.5,1269.349976,1231.5,1260.449951,1253.573364,13001004.0
15-05-2019,1273.0,1278.0,1250.599976,1256.900024,1250.042847,11163801.0
16-05-2019,1259.949951,1271.900024,1258.099976,1265.349976,1258.446655,6606652.0
17-05-2019,1267.0,1276.949951,1252.0,1267.400024,1260.485596,7898440.0
20-05-2019,1313.599976,1337.699951,1303.5,1325.900024,1318.666382,12333937.0
21-05-2019,1332.199951,1367.0,1330.050049,1339.800049,1332.490601,13872055.0
22-05-2019,1345.650024,1359.699951,1335.099976,1340.400024,1333.08728,11287400.0
23-05-2019,1372.0,1392.0,1325.0,1333.900024,1326.622803,17722514.0
24-05-2019,1348.0,1353.800049,1316.5,1336.849976,1329.556641,10180759.0
27-05-2019,1337.099976,1337.5,1307.0,1310.650024,1303.499634,7349720.0
28-05-2019,1319.800049,1334.800049,1313.349976,1323.75,1316.528076,19472659.0
29-05-2019,1321.0,1333.300049,1304.150024,1313.050049,1305.886597,7112830.0
30-05-2019,1316.25,1342.0,1316.25,1329.75,1322.495361,10740841.0
31-05-2019,1337.900024,1341.900024,1320.199951,1330.150024,1322.893188,11760178.0
03-06-2019,1335.0,1367.25,1321.199951,1360.199951,1352.779175,8483610.0
04-06-2019,1357.449951,1374.25,1348.099976,1351.650024,1344.276001,7059911.0
06-06-2019,1361.900024,1361.900024,1321.099976,1327.349976,1320.108521,7664319.0
07-06-2019,1325.949951,1327.25,1305.599976,1314.900024,1307.72644,6730595.0
10-06-2019,1320.900024,1327.0,1310.099976,1319.150024,1311.953247,5380148.0
11-06-2019,1321.849976,1334.5,1318.0,1329.150024,1321.898682,5253790.0
12-06-2019,1334.699951,1338.400024,1325.0,1332.150024,1324.882324,4707716.0
13-06-2019,1330.0,1334.699951,1308.650024,1327.25,1320.009033,7171189.0
14-06-2019,1321.900024,1325.0,1309.400024,1317.550049,1310.362061,6831331.0
17-06-2019,1320.0,1320.0,1278.5,1282.300049,1275.304321,6815554.0
18-06-2019,1278.900024,1287.949951,1269.099976,1281.0,1274.011353,7679193.0
19-06-2019,1286.900024,1302.0,1262.599976,1277.349976,1270.381226,6625604.0
20-06-2019,1280.0,1300.0,1278.0,1296.75,1289.675415,4914012.0
21-06-2019,1295.949951,1296.0,1275.550049,1279.5,1272.519531,10623098.0
24-06-2019,1272.150024,1276.449951,1257.099976,1262.400024,1255.512817,5150998.0
25-06-2019,1258.900024,1298.0,1254.25,1295.849976,1288.780273,6842363.0
26-06-2019,1291.0,1304.599976,1286.349976,1294.150024,1287.0896,5299942.0
27-06-2019,1293.150024,1296.900024,1271.0,1274.150024,1267.19873,11385972.0
28-06-2019,1277.099976,1282.849976,1248.650024,1253.099976,1246.26355,8659721.0
01-07-2019,1258.050049,1272.650024,1246.449951,1268.849976,1261.927612,6162080.0
02-07-2019,1273.949951,1281.0,1263.300049,1278.5,1271.525024,4638751.0
03-07-2019,1282.900024,1286.5,1275.050049,1282.550049,1275.552979,4026032.0
04-07-2019,1281.400024,1291.0,1280.0,1284.0,1276.994995,4275148.0
05-07-2019,1285.099976,1290.5,1260.0,1263.349976,1256.457642,4995344.0
08-07-2019,1258.0,1268.099976,1248.199951,1252.050049,1245.21936,6404544.0
09-07-2019,1248.949951,1283.5,1245.5,1280.099976,1273.116211,8016757.0
10-07-2019,1280.050049,1289.349976,1268.699951,1278.849976,1271.873047,5494315.0
11-07-2019,1287.0,1289.800049,1279.300049,1281.550049,1274.55835,3935460.0
12-07-2019,1283.0,1300.0,1278.050049,1280.5,1273.514038,7174054.0
15-07-2019,1285.0,1289.5,1270.349976,1276.099976,1269.138062,4873164.0
16-07-2019,1279.949951,1294.900024,1277.050049,1293.0,1285.945923,4604019.0
17-07-2019,1294.300049,1297.0,1280.0,1281.849976,1274.856689,4334958.0
18-07-2019,1282.0,1286.400024,1258.0,1261.849976,1254.96582,5459896.0
19-07-2019,1268.199951,1272.949951,1242.699951,1249.0,1242.185913,7468515.0
22-07-2019,1251.0,1284.5,1227.300049,1280.5,1273.514038,13300153.0
23-07-2019,1285.0,1293.900024,1260.400024,1273.550049,1266.602051,9287951.0
24-07-2019,1273.5,1278.800049,1253.550049,1259.099976,1252.230835,6943982.0
25-07-2019,1264.0,1269.050049,1227.0,1231.5,1224.781372,9968545.0
26-07-2019,1231.5,1242.5,1210.0,1213.800049,1207.177979,9320481.0
29-07-2019,1216.900024,1222.0,1205.099976,1210.949951,1204.343506,8058035.0
30-07-2019,1213.949951,1220.0,1175.949951,1180.900024,1174.45752,9533344.0
31-07-2019,1175.75,1185.0,1162.400024,1166.25,1159.887451,9705619.0
01-08-2019,1163.400024,1188.199951,1150.349976,1180.25,1173.811035,10344862.0
02-08-2019,1175.699951,1198.25,1162.099976,1184.349976,1184.349976,10865385.0
05-08-2019,1167.0,1167.0,1128.0,1143.349976,1143.349976,13897461.0
06-08-2019,1134.75,1149.599976,1122.0,1128.300049,1128.300049,13288909.0
07-08-2019,1126.5,1138.550049,1103.099976,1109.400024,1109.400024,11588879.0
08-08-2019,1108.349976,1158.0,1095.300049,1152.349976,1152.349976,14262936.0
09-08-2019,1161.849976,1175.5,1152.300049,1162.099976,1162.099976,10043949.0
13-08-2019,1233.150024,1302.800049,1226.0,1274.75,1274.75,47923444.0
14-08-2019,1304.0,1304.449951,1280.349976,1288.25,1288.25,14487137.0
16-08-2019,1291.199951,1291.800049,1273.0,1278.0,1278.0,10047496.0
19-08-2019,1281.050049,1296.800049,1280.0,1292.599976,1292.599976,7459859.0
20-08-2019,1289.800049,1292.599976,1272.599976,1275.949951,1275.949951,6843460.0
21-08-2019,1275.650024,1278.650024,1266.5,1270.949951,1270.949951,4881553.0
22-08-2019,1270.949951,1271.0,1238.900024,1246.75,1246.75,6414937.0
23-08-2019,1239.0,1284.0,1226.5,1275.849976,1275.849976,9741262.0
26-08-2019,1294.0,1294.0,1259.0,1266.800049,1266.800049,8778739.0
27-08-2019,1285.0,1285.0,1261.199951,1274.849976,1274.849976,12984396.0
28-08-2019,1273.75,1281.0,1256.050049,1263.300049,1263.300049,5305639.0
29-08-2019,1256.449951,1260.25,1235.300049,1241.75,1241.75,8635974.0
30-08-2019,1245.5,1254.400024,1221.0,1248.550049,1248.550049,11308120.0
03-09-2019,1242.25,1243.0,1200.0,1206.400024,1206.400024,8563009.0
04-09-2019,1200.550049,1205.25,1186.050049,1201.150024,1201.150024,15063355.0
05-09-2019,1206.800049,1213.199951,1193.300049,1198.599976,1198.599976,10512763.0
06-09-2019,1203.0,1229.0,1195.25,1222.5,1222.5,10600234.0
09-09-2019,1220.650024,1233.0,1213.150024,1222.199951,1222.199951,5370758.0
11-09-2019,1222.5,1240.0,1222.5,1234.400024,1234.400024,5544468.0
12-09-2019,1235.0,1240.449951,1205.699951,1210.349976,1210.349976,5431139.0
13-09-2019,1212.0,1228.5,1206.900024,1225.599976,1225.599976,5919260.0
16-09-2019,1189.0,1219.099976,1186.099976,1210.75,1210.75,9393731.0
17-09-2019,1211.0,1211.0,1193.5,1197.449951,1197.449951,7150435.0
18-09-2019,1204.949951,1216.300049,1197.199951,1205.699951,1205.699951,6827281.0
19-09-2019,1207.849976,1209.699951,1172.650024,1179.050049,1179.050049,6293454.0
20-09-2019,1187.949951,1269.900024,1174.300049,1254.349976,1254.349976,22019674.0
23-09-2019,1274.150024,1281.0,1235.0,1239.199951,1239.199951,9879751.0
24-09-2019,1243.599976,1298.800049,1242.75,1278.699951,1278.699951,15982067.0
25-09-2019,1284.0,1295.0,1268.849976,1279.550049,1279.550049,8316894.0
26-09-2019,1292.0,1298.800049,1283.5,1296.800049,1296.800049,8389212.0
27-09-2019,1292.5,1315.0,1284.0,1309.050049,1309.050049,8712980.0
30-09-2019,1310.0,1335.75,1305.550049,1332.25,1332.25,11549746.0
01-10-2019,1337.0,1342.0,1293.300049,1304.900024,1304.900024,8192597.0
03-10-2019,1286.0,1314.699951,1281.300049,1311.050049,1311.050049,6183107.0
04-10-2019,1319.900024,1328.599976,1303.849976,1308.099976,1308.099976,6853954.0
07-10-2019,1308.099976,1320.800049,1301.699951,1310.099976,1310.099976,4599818.0
09-10-2019,1308.699951,1329.949951,1292.5,1324.75,1324.75,8040938.0
10-10-2019,1325.0,1369.0,1321.0,1362.75,1362.75,16003744.0
11-10-2019,1363.699951,1365.599976,1336.550049,1352.599976,1352.599976,7587648.0
14-10-2019,1364.949951,1364.949951,1350.849976,1358.0,1358.0,6123412.0
15-10-2019,1362.5,1370.0,1354.300049,1364.150024,1364.150024,4422075.0
16-10-2019,1369.900024,1379.650024,1363.699951,1372.349976,1372.349976,8870701.0
17-10-2019,1375.0,1399.0,1372.0,1396.5,1396.5,7332464.0
18-10-2019,1404.0,1427.900024,1398.699951,1416.349976,1416.349976,12856410.0
22-10-2019,1425.0,1436.849976,1403.349976,1414.150024,1414.150024,12703054.0
23-10-2019,1416.300049,1425.949951,1383.150024,1392.400024,1392.400024,8432964.0
24-10-2019,1401.0,1441.400024,1386.550049,1436.449951,1436.449951,10351384.0
25-10-2019,1441.099976,1441.449951,1411.25,1431.199951,1431.199951,6190013.0
27-10-2019,,,,,,
29-10-2019,1445.5,1480.0,1442.099976,1467.050049,1467.050049,11780494.0
30-10-2019,1480.0,1484.550049,1460.300049,1479.099976,1479.099976,7470723.0
31-10-2019,1484.0,1489.650024,1461.699951,1464.349976,1464.349976,8898168.0
01-11-2019,1455.0,1461.800049,1441.0,1456.900024,1456.900024,6356579.0
04-11-2019,1465.900024,1471.0,1445.099976,1457.650024,1457.650024,6429329.0
05-11-2019,1463.099976,1468.949951,1441.0,1447.300049,1447.300049,5799318.0
06-11-2019,1442.699951,1446.449951,1428.5,1434.900024,1434.900024,6686289.0
07-11-2019,1435.0,1463.0,1432.199951,1458.599976,1458.599976,6438749.0
08-11-2019,1449.0,1459.650024,1441.300049,1445.5,1445.5,5494844.0
11-11-2019,1439.099976,1444.25,1422.550049,1427.800049,1427.800049,5192423.0
13-11-2019,1430.0,1475.900024,1430.0,1472.300049,1472.300049,11532364.0
14-11-2019,1476.0,1481.599976,1455.800049,1462.75,1462.75,6518339.0
15-11-2019,1465.650024,1486.800049,1463.150024,1470.849976,1470.849976,7173674.0
18-11-2019,1472.650024,1486.0,1455.400024,1459.199951,1459.199951,6435097.0
19-11-2019,1467.0,1514.900024,1465.0,1509.75,1509.75,13795569.0
20-11-2019,1555.050049,1572.400024,1543.199951,1547.650024,1547.650024,19904164.0
21-11-2019,1545.0,1556.0,1528.550049,1537.599976,1537.599976,6810577.0
22-11-2019,1542.099976,1569.5,1537.599976,1546.5,1546.5,10218978.0
25-11-2019,1551.150024,1564.800049,1551.0,1561.550049,1561.550049,6924313.0
26-11-2019,1568.099976,1576.349976,1556.0,1560.25,1560.25,16152137.0
27-11-2019,1559.949951,1575.5,1556.099976,1569.849976,1569.849976,4408336.0
28-11-2019,1572.650024,1584.150024,1563.949951,1580.300049,1580.300049,6284885.0
29-11-2019,1581.949951,1581.949951,1547.849976,1551.150024,1551.150024,8484822.0
02-12-2019,1600.0,1614.449951,1577.0,1586.5,1586.5,14275186.0
03-12-2019,1592.75,1594.0,1572.599976,1578.900024,1578.900024,5938786.0
04-12-2019,1573.0,1577.5,1533.75,1552.699951,1552.699951,9594828.0
05-12-2019,1574.0,1579.75,1544.0,1550.849976,1550.849976,9117022.0
06-12-2019,1553.0,1568.0,1541.099976,1554.900024,1554.900024,5982129.0
09-12-2019,1556.150024,1577.400024,1546.5,1572.599976,1572.599976,5779807.0
10-12-2019,1572.050049,1573.599976,1554.150024,1561.949951,1561.949951,4650906.0
11-12-2019,1555.599976,1574.5,1550.599976,1562.400024,1562.400024,5652698.0
12-12-2019,1570.25,1573.849976,1556.650024,1568.199951,1568.199951,4720977.0
13-12-2019,1580.0,1590.0,1572.400024,1582.900024,1582.900024,5791522.0
16-12-2019,1592.0,1593.900024,1564.349976,1566.599976,1566.599976,5436951.0
17-12-2019,1566.75,1579.0,1555.550049,1562.699951,1562.699951,9291724.0
18-12-2019,1563.0,1580.0,1562.0,1575.849976,1575.849976,6739582.0
19-12-2019,1573.699951,1614.900024,1571.800049,1609.949951,1609.949951,9375484.0
20-12-2019,1615.0,1617.550049,1596.099976,1599.099976,1599.099976,9724619.0
23-12-2019,1560.099976,1577.550049,1557.800049,1571.400024,1571.400024,11478429.0
24-12-2019,1568.900024,1572.050049,1542.5,1546.449951,1546.449951,8251144.0
26-12-2019,1541.650024,1552.949951,1510.150024,1515.400024,1515.400024,13605737.0
27-12-2019,1527.0,1546.199951,1521.300049,1542.349976,1542.349976,8081591.0
30-12-2019,1545.949951,1547.650024,1528.050049,1544.199951,1544.199951,7828402.0
31-12-2019,1542.0,1543.699951,1508.050049,1514.050049,1514.050049,10150467.0
01-01-2020,1518.0,1527.099976,1505.5,1509.599976,1509.599976,6402372.0
02-01-2020,1512.0,1540.949951,1512.0,1535.300049,1535.300049,8096561.0
03-01-2020,1533.0,1541.650024,1523.0,1537.150024,1537.150024,9593498.0
06-01-2020,1520.0,1527.900024,1498.0,1501.5,1501.5,11209343.0
07-01-2020,1519.0,1534.5,1513.5,1524.599976,1524.599976,7627191.0
08-01-2020,1515.0,1534.449951,1510.0,1513.150024,1513.150024,7336561.0
09-01-2020,1538.599976,1550.0,1531.25,1548.0,1548.0,6849606.0
10-01-2020,1551.900024,1557.949951,1539.650024,1547.650024,1547.650024,5704686.0
13-01-2020,1545.050049,1558.699951,1538.400024,1543.699951,1543.699951,8358090.0
14-01-2020,1540.0,1550.0,1521.849976,1529.400024,1529.400024,7230788.0
15-01-2020,1535.849976,1539.900024,1518.25,1523.849976,1523.849976,7231393.0
16-01-2020,1529.0,1543.349976,1528.0,1537.900024,1537.900024,5873662.0
17-01-2020,1553.5,1584.949951,1553.199951,1581.0,1581.0,13469708.0
20-01-2020,1609.0,1609.0,1526.400024,1532.349976,1532.349976,14878868.0
21-01-2020,1528.599976,1545.849976,1522.0,1533.900024,1533.900024,8650831.0
22-01-2020,1544.0,1546.75,1531.099976,1533.349976,1533.349976,4719245.0
23-01-2020,1536.5,1541.949951,1520.699951,1526.849976,1526.849976,5142088.0
24-01-2020,1527.0,1536.349976,1518.550049,1521.550049,1521.550049,6687633.0
27-01-2020,1514.900024,1524.449951,1505.0,1506.550049,1506.550049,6120429.0
28-01-2020,1508.599976,1510.0,1463.599976,1471.75,1471.75,11215313.0
29-01-2020,1474.050049,1494.400024,1464.050049,1479.849976,1479.849976,11313297.0
30-01-2020,1479.0,1479.699951,1440.0,1443.75,1443.75,10241756.0
31-01-2020,1453.0,1453.25,1407.199951,1411.650024,1411.650024,15886673.0
03-02-2020,1369.900024,1399.949951,1363.050049,1385.5,1385.5,14040626.0
04-02-2020,1400.0,1432.5,1397.800049,1426.400024,1426.400024,11604666.0
05-02-2020,1434.900024,1452.800049,1430.300049,1448.5,1448.5,8444823.0
06-02-2020,1454.099976,1467.0,1440.099976,1457.800049,1457.800049,7103715.0
07-02-2020,1451.0,1452.349976,1428.300049,1433.650024,1433.650024,5581641.0
10-02-2020,1428.0,1445.5,1410.449951,1435.599976,1435.599976,6922631.0
11-02-2020,1447.400024,1466.199951,1445.050049,1452.75,1452.75,6400245.0
12-02-2020,1456.150024,1474.849976,1455.0,1470.300049,1470.300049,6187091.0
13-02-2020,1477.75,1477.75,1462.599976,1474.150024,1474.150024,6201763.0
14-02-2020,1477.25,1501.449951,1453.099976,1487.599976,1487.599976,9704655.0
17-02-2020,1489.0,1506.150024,1474.300049,1478.25,1478.25,6011340.0
18-02-2020,1475.900024,1475.900024,1457.400024,1467.400024,1467.400024,5086964.0
19-02-2020,1479.349976,1506.449951,1475.099976,1503.800049,1503.800049,6438918.0
20-02-2020,1497.0,1508.0,1483.800049,1485.949951,1485.949951,7722577.0
24-02-2020,1469.75,1477.0,1439.550049,1444.949951,1444.949951,9769743.0
25-02-2020,1451.400024,1451.400024,1410.0,1416.400024,1416.400024,12684109.0
26-02-2020,1410.0,1412.349976,1387.349976,1392.0,1392.0,13423661.0
27-02-2020,1388.0,1393.800049,1369.0,1386.25,1386.25,11454300.0
28-02-2020,1354.900024,1357.0,1325.0,1328.650024,1328.650024,17973847.0
02-03-2020,1355.099976,1369.0,1301.099976,1316.150024,1316.150024,13486634.0
03-03-2020,1329.699951,1353.900024,1322.0,1342.849976,1342.849976,12525809.0
04-03-2020,1352.0,1353.800049,1307.900024,1339.699951,1339.699951,10105782.0
05-03-2020,1352.199951,1357.949951,1306.0,1311.150024,1311.150024,13948324.0
06-03-2020,1270.0,1288.150024,1241.099976,1271.0,1271.0,15422068.0
09-03-2020,1240.050049,1241.0,1095.0,1114.150024,1114.150024,40316138.0
11-03-2020,1108.0,1178.449951,1108.0,1153.550049,1153.550049,27237321.0
12-03-2020,1085.0,1101.0,1048.699951,1063.0,1063.0,25587823.0
13-03-2020,998.0,1140.0,942.400024,1105.300049,1105.300049,33509107.0
16-03-2020,1060.550049,1079.699951,1005.0,1015.700012,1015.700012,17592794.0
17-03-2020,1047.25,1060.0,1003.200012,1008.0,1008.0,20776373.0
18-03-2020,1025.300049,1035.900024,961.0,968.5,968.5,20449241.0
19-03-2020,920.099976,967.0,892.200012,917.700012,917.700012,28071848.0
20-03-2020,939.5,1034.900024,930.0,1017.950012,1017.950012,28966278.0
23-03-2020,916.200012,950.0,875.650024,884.049988,884.049988,18593390.0
24-03-2020,930.0,970.0,895.799988,943.400024,943.400024,20908452.0
25-03-2020,963.799988,1151.550049,963.25,1082.25,1082.25,33432712.0
26-03-2020,1095.800049,1116.900024,1042.349976,1066.199951,1066.199951,20912841.0
27-03-2020,1095.0,1107.300049,1046.199951,1065.599976,1065.599976,19044609.0
30-03-2020,1040.599976,1074.800049,1020.0,1030.449951,1030.449951,13820078.0
31-03-2020,1073.949951,1129.800049,1048.0,1113.75,1113.75,20249183.0
01-04-2020,1122.25,1124.599976,1045.199951,1080.449951,1080.449951,19016959.0
03-04-2020,1134.449951,1134.449951,1056.300049,1077.449951,1077.449951,18911970.0
07-04-2020,1102.099976,1214.0,1100.0,1206.099976,1206.099976,24857792.0
08-04-2020,1180.0,1229.0,1160.0,1192.150024,1192.150024,22803609.0
09-04-2020,1214.0,1232.800049,1193.0,1219.949951,1219.949951,15101511.0
13-04-2020,1203.949951,1215.0,1180.0,1189.150024,1189.150024,10822858.0
15-04-2020,1197.050049,1236.0,1143.0,1149.849976,1149.849976,16147958.0
16-04-2020,1149.849976,1187.449951,1145.0,1168.050049,1168.050049,17123489.0
17-04-2020,1216.0,1230.0,1192.650024,1224.0,1224.0,15209621.0
20-04-2020,1226.0,1257.0,1202.0,1243.800049,1243.800049,16472130.0
21-04-2020,1210.0,1252.0,1164.0,1237.349976,1237.349976,28057044.0
22-04-2020,1320.0,1384.900024,1300.0,1363.599976,1363.599976,65230035.0
23-04-2020,1367.349976,1385.849976,1353.300049,1370.900024,1370.900024,29928168.0
24-04-2020,1350.150024,1494.949951,1347.199951,1417.0,1417.0,61711199.0
27-04-2020,1434.0,1475.0,1423.0,1429.75,1429.75,26736415.0
28-04-2020,1450.0,1455.449951,1392.150024,1428.150024,1428.150024,35866256.0
29-04-2020,1444.900024,1453.650024,1420.0,1426.949951,1426.949951,17141303.0
30-04-2020,1440.300049,1480.910034,1424.550049,1452.22998,1452.22998,32926121.0
04-05-2020,1426.47998,1451.23999,1404.140015,1421.719971,1421.719971,24670336.0
05-05-2020,1440.050049,1465.109985,1433.609985,1446.930054,1446.930054,20723079.0
06-05-2020,1450.25,1471.01001,1431.930054,1447.030029,1447.030029,18685710.0
07-05-2020,1441.339966,1499.439941,1431.430054,1492.800049,1492.800049,23087436.0
08-05-2020,1530.48999,1565.060059,1522.670044,1547.130005,1547.130005,38887255.0
11-05-2020,1565.160034,1599.839966,1557.540039,1561.98999,1561.98999,30959745.0
12-05-2020,1550.109985,1553.619995,1451.23999,1465.359985,1465.359985,46465281.0
13-05-2020,1527.0,1527.0,1454.0,1496.449951,1496.449951,30657492.0
14-05-2020,1469.0,1496.699951,1430.050049,1435.949951,1435.949951,22736607.0
15-05-2020,1444.0,1466.699951,1415.099976,1459.400024,1459.400024,28683258.0
18-05-2020,1470.0,1482.0,1428.0,1440.75,1440.75,28980385.0
19-05-2020,1457.0,1461.699951,1403.25,1408.900024,1408.900024,19528760.0
20-05-2020,1410.0,1446.849976,1393.0,1433.699951,1433.699951,25530626.0
21-05-2020,1435.0,1461.449951,1425.0,1441.25,1441.25,18076017.0
22-05-2020,1451.800049,1458.0,1426.5,1431.550049,1431.550049,17458065.0
26-05-2020,1448.150024,1449.699951,1416.300049,1424.050049,1424.050049,15329472.0
27-05-2020,1431.0,1454.0,1412.0,1445.550049,1445.550049,16460756.0
28-05-2020,1455.0,1479.75,1449.0,1472.25,1472.25,18518271.0
29-05-2020,1468.0,1472.0,1452.650024,1464.400024,1464.400024,18470390.0
01-06-2020,1480.0,1538.349976,1475.949951,1520.349976,1520.349976,18434012.0
02-06-2020,1526.0,1540.0,1520.800049,1535.699951,1535.699951,10224049.0
03-06-2020,1545.0,1560.0,1533.349976,1541.650024,1541.650024,11713461.0
04-06-2020,1544.0,1589.5,1541.0,1579.800049,1579.800049,15784379.0
05-06-2020,1595.0,1618.0,1573.699951,1581.699951,1581.699951,15246965.0
